,cert,fed_rssd
0,4829,746223
1,57899,3317192
2,22039,564856
3,16419,419255
4,4122,350657
5,30367,148470
6,57298,3048487
7,32487,941653
8,58485,3594797
9,35456,2920773
10,11706,338945
11,27552,1412619
12,34393,2531562
13,57611,3203996
14,31410,535575
15,1673,526452
16,6646,480723
17,57633,1018927
18,9087,991340
19,57626,3223305
20,22543,170640
21,8426,526519
22,57869,3309393
23,31249,350572
24,9751,340256
25,16910,449430
26,91005,455253
27,35029,2775151
28,32257,762773
29,30332,114774
30,30619,416272
31,19795,198149
32,26549,117672
33,19600,535753
34,4061,266253
35,58727,3614837
36,58562,3535848
37,7506,5210
38,18489,463650
39,90140,343903
40,14311,9553
41,9812,332756
42,28380,101671
43,27015,541307
44,8251,94858
45,8822,293352
46,18152,438050
47,57072,2927615
48,10375,189549
49,34885,965789
50,57264,3118447
51,35267,2909330
52,3304,1006951
53,35314,2877484
54,13947,869953
55,17230,2732
56,17622,388744
57,9831,414102
58,3931,933256
59,13080,585235
60,20093,25357
61,58629,3579589
62,10973,166652
63,197,493741
64,12511,21658
65,34930,2694944
66,11569,176464
67,34566,2619714
68,57733,3276543
69,15657,601658
70,9631,924937
71,1946,35057
72,55130,2140348
73,4051,146056
74,57803,3284070
75,58424,3633173
76,15426,224552
77,23091,260055
78,35377,2889227
79,19590,199436
80,58275,3453737
81,8276,881441
82,27711,777870
83,9465,246956
84,622,661308
85,903,397531
86,14531,353555
87,28701,206174
88,6423,9807
89,22953,83638
90,27267,1169650
91,8893,440857
92,34422,2580243
93,20311,630555
94,1117,275358
95,17906,83834
96,19234,597452
97,35568,2919898
98,31980,718079
99,6183,54441
100,20537,452159
101,34955,2733263
102,22559,971959
103,4624,1002953
104,5283,510648
105,18609,215662
106,15423,568359
107,34606,2684552
108,5216,716655
109,23886,307361
110,5800,345345
111,21567,494654
112,20241,807955
113,34788,2734729
114,57686,3272956
115,35033,2871558
116,35412,2869162
117,29878,1010574
118,57444,3216316
119,57359,3116519
120,58514,3559714
121,16635,310754
122,428,811550
123,10647,1014451
124,2328,826451
125,27471,1394676
126,29140,637170
127,34656,2694681
128,4190,311050
129,57025,2960555
130,8843,61757
131,1439,547251
132,57695,3229642
133,34334,2533043
134,58309,3447576
135,24472,256058
136,26398,481430
137,19300,660655
138,22373,498362
139,33812,2051127
140,6837,958727
141,26499,306159
142,58469,3623110
143,58584,3671997
144,24655,735768
145,58281,3388482
146,29899,12179
147,9104,337247
148,32526,54973
149,9967,262358
150,228,735441
151,26944,276645
152,57144,2957014
153,15444,244251
154,22263,21359
155,13150,596848
156,10120,675341
157,8205,201254
158,2838,139133
159,58303,3470239
160,20504,764030
161,7542,928618
162,15510,508355
163,57295,3015939
164,26658,30052
165,28949,715975
166,22381,424352
167,19220,828651
168,57931,3342671
169,4208,327556
170,11681,655530
171,9923,6329
172,10858,916343
173,18483,410159
174,16410,225054
175,22015,361439
176,17751,132107
177,32018,660879
178,58889,3825080
179,11682,691743
180,3869,261940
181,29679,527178
182,33316,1852569
183,9176,51253
184,35599,3057818
185,6051,368522
186,16068,249612
187,17453,594938
188,34193,2467670
189,58296,3446636
190,33450,1872941
191,3598,659734
192,28507,120476
193,57620,3187612
194,3858,705444
195,1391,270353
196,4666,983457
197,28812,168571
198,2315,470452
199,29471,269571
200,29743,351878
201,1198,570558
202,15085,591320
203,17123,73116
204,28780,390372
205,8728,311845
206,1436,336950
207,11343,821643
208,34759,2785477
209,33013,1462986
210,3934,668053
211,5296,917742
212,17636,1003455
213,24064,851060
214,90146,408307
215,9096,739346
216,35525,3555695
217,24829,959715
218,26390,527507
219,284,811541
220,28288,229173
221,11477,979151
222,35,749635
223,5814,760649
224,3276,548351
225,58082,3347911
226,58484,3463875
227,35115,2860459
228,11771,859141
229,2326,262059
230,57510,3214059
231,90215,619701
232,31390,408875
233,35546,2917317
234,19434,5461
235,21265,725732
236,2469,846945
237,2987,69678
238,26704,696168
239,6959,505
240,35498,200378
241,4033,251352
242,27476,1386251
243,26725,110936
244,34968,940311
245,20828,816210
246,11813,606046
247,26653,78157
248,57815,3402913
249,18408,419406
250,14291,952846
251,1047,496845
252,13816,142049
253,11521,64552
254,8560,634544
255,29087,955977
256,4147,18854
257,5304,594947
258,8941,812557
259,33686,790105
260,16604,539032
261,14521,187947
262,19842,101019
263,5170,45551
264,16601,645157
265,11782,213538
266,13290,452104
267,155,986935
268,26689,564052
269,25178,1443266
270,3510,480228
271,8243,31835
272,34120,2390929
273,33681,909000
274,23123,225559
275,16282,311144
276,18930,302030
277,58114,3374403
278,8595,348159
279,15817,659640
280,16959,572347
281,59074,4536084
282,32722,1421161
283,10883,695947
284,34397,2535560
285,6137,759625
286,57952,3308529
287,57102,3042234
288,5605,351131
289,2224,17950
290,9385,236256
291,35439,2877831
292,2733,825940
293,20239,904845
294,8254,833646
295,12549,960047
296,17190,124830
297,12325,458946
298,9406,92902
299,105,629148
300,58479,3588312
301,9023,1014125
302,2327,815754
303,10885,318639
304,33653,908508
305,6123,753324
306,16953,76153
307,13167,720344
308,26955,144034
309,16980,255659
310,8775,839246
311,26217,862057
312,13274,152057
313,9359,99442
314,22639,547550
315,19829,944551
316,422,322850
317,57491,3134698
318,10523,476539
319,4796,431350
320,9875,464853
321,8531,926959
322,1937,765354
323,1468,324854
324,4075,271752
325,17543,441630
326,876,193537
327,2477,588245
328,99,455945
329,17569,823553
330,26542,638355
331,17327,638131
332,14912,920359
333,19515,545154
334,9068,546535
335,15813,1015832
336,16243,14865
337,877,204237
338,26554,956376
339,296,903240
340,16154,485054
341,13303,244149
342,8532,399731
343,19351,550354
344,4094,343051
345,49,560438
346,11732,976534
347,58630,3620539
348,1484,166531
349,10594,68831
350,35543,2913702
351,58626,3636446
352,22838,932633
353,2379,141958
354,16527,993353
355,57915,3286999
356,9392,1351
357,5636,400945
358,17995,857259
359,15113,465524
360,20884,711472
361,8144,603232
362,10315,145059
363,9127,854351
364,10057,37
365,13962,7456
366,18053,795968
367,17769,746755
368,17813,856458
369,149,628039
370,16276,659341
371,289,763211
372,1464,941804
373,26610,671464
374,3178,583754
375,10674,291059
376,8584,790150
377,26403,300960
378,33648,727709
379,23826,898458
380,8118,567240
381,11750,487142
382,9775,780049
383,1635,796451
384,1874,246657
385,8695,477349
386,15547,476445
387,4130,85454
388,5425,13457
389,58164,3410141
390,57396,3128923
391,19087,111157
392,91280,1397471
393,16795,14650
394,8885,663450
395,17878,271136
396,16281,959630
397,13264,580548
398,148,752831
399,9332,989851
400,32779,1436204
401,12327,601443
402,9315,782016
403,13611,175458
404,618,175609
405,11232,426945
406,19954,708753
407,22273,706236
408,58482,3470097
409,20769,713047
410,2145,805335
411,12232,937553
412,8556,897330
413,9057,586335
414,13017,352820
415,10626,879550
416,27575,1404940
417,24540,113601
418,18012,265407
419,58175,3443345
420,14701,688556
421,5704,948531
422,5447,41955
423,18171,410748
424,21529,687054
425,35365,2903123
426,5867,147923
427,9803,819453
428,5902,919344
429,21085,37341
430,16905,661157
431,13710,182353
432,21284,581237
433,1713,284239
434,16982,930442
435,12745,858452
436,14660,997847
437,17671,673851
438,101,967943
439,8432,99536
440,11711,37949
441,12956,767611
442,15673,433550
443,14349,426758
444,11243,931047
445,58069,3357385
446,57816,3302312
447,26727,49858
448,57044,3076453
449,19506,248240
450,12236,456250
451,22739,364430
452,34148,2396604
453,1536,479268
454,16413,593940
455,8892,436953
456,13565,124344
457,11788,910239
458,21573,340135
459,35320,2823221
460,18576,925653
461,21161,1006513
462,26539,718275
463,4791,552059
464,35207,2787770
465,27496,1404481
466,21219,422116
467,20387,777366
468,23041,307679
469,22340,192857
470,4626,1007659
471,2205,475756
472,22597,662369
473,19125,83236
474,2247,499752
475,25291,478195
476,26627,859552
477,3514,804963
478,16389,589523
479,19480,831352
480,17159,933975
481,13397,254317
482,420,286251
483,57640,3254297
484,12627,565750
485,4087,175056
486,1418,393355
487,24211,209362
488,8250,179335
489,9323,625953
490,12207,800442
491,15136,894348
492,16201,729842
493,5699,176437
494,11715,371849
495,11431,118736
496,15104,922924
497,862,359838
498,306,860334
499,13654,903455
500,110,107244
501,16547,329149
502,34147,2434113
503,21897,1006559
504,15205,502652
505,57074,3010363
506,22434,436739
507,8537,748254
508,953,811046
509,23537,408642
510,27351,1218446
511,23210,732758
512,28808,454676
513,20130,117458
514,8870,914648
515,58537,3629484
516,26536,331375
517,17282,737548
518,30817,379171
519,18129,546003
520,8387,721350
521,11739,855741
522,30692,364270
523,5903,121642
524,77,194936
525,16418,88231
526,496,109453
527,29177,831576
528,58979,3938186
529,35406,2849285
530,57368,3109043
531,16704,791353
532,10502,989758
533,4009,540551
534,28489,352772
535,10374,453147
536,19274,275255
537,17514,502849
538,11971,522605
539,30878,106676
540,12788,24949
541,57203,2980209
542,34395,2508751
543,22205,1007734
544,17621,188739
545,17749,433505
546,8035,308340
547,16330,986757
548,34052,2329200
549,15585,961446
550,90311,963002
551,1092,242958
552,90196,771609
553,32527,242976
554,35541,2954059
555,20215,829032
556,57131,3022076
557,25644,403067
558,59106,5136959
559,57833,3284397
560,32574,1176881
561,30043,835378
562,58199,3425725
563,30339,123374
564,29024,946274
565,11355,696047
566,12208,761244
567,19581,929352
568,14415,178244
569,58165,3391718
570,28035,919773
571,23901,348207
572,28348,72678
573,15362,223751
574,28384,462774
575,19215,980960
576,20484,94522
577,58490,3608751
578,13774,824242
579,23621,473501
580,20015,7009
581,21868,976703
582,27909,682479
583,1808,851631
584,26601,946171
585,57701,3216017
586,17741,499501
587,3320,362856
588,29637,521970
589,57973,3363975
590,14083,354
591,58723,3636428
592,27897,444677
593,15152,603540
594,14078,27548
595,18402,890742
596,58580,3580334
597,11608,578741
598,976,937843
599,9788,820842
600,31090,617079
601,13753,794345
602,90160,28406
603,17773,174321
604,17933,935250
605,35274,233527
606,14899,517357
607,58691,3636914
608,8693,167453
609,16571,75633
610,58216,3353154
611,35141,2850722
612,19448,916745
613,6976,23504
614,57197,2358769
615,24867,488318
616,7946,934329
617,25328,352651
618,5624,942847
619,17825,472250
620,29941,927479
621,30052,797775
622,4214,339858
623,1373,684455
624,10993,107758
625,11235,35646
626,33552,745347
627,30128,991078
628,15684,977951
629,24811,964700
630,18342,972406
631,35172,2749059
632,31443,416973
633,9846,852320
634,5676,760331
635,35420,2861317
636,16386,411231
637,24038,863362
638,5792,856542
639,12923,800657
640,27943,534877
641,21220,729132
642,22811,270531
643,18155,43959
644,12717,882541
645,21122,312730
646,58210,3378773
647,90169,699105
648,9189,227656
649,22578,406974
650,23622,13103
651,9523,807348
652,30306,26176
653,15797,474254
654,17798,782306
655,18748,71457
656,20220,463203
657,13692,413758
658,57997,3356191
659,6064,82257
660,10618,1009242
661,3402,24668
662,35101,2836306
663,2286,870913
664,12121,316934
665,10844,621441
666,29696,108072
667,11578,933621
668,27556,1404883
669,13669,304155
670,16450,416245
671,58545,3606971
672,58228,3408728
673,16110,1004256
674,20624,129732
675,902,325534
676,25249,754068
677,34328,2506328
678,22134,995076
679,4999,4262534
680,11785,925354
681,9024,498625
682,58583,3614958
683,58037,3390337
684,35331,2907439
685,57974,3394380
686,23242,50461
687,58291,3545258
688,58670,3686982
689,5874,39327
690,35069,2854494
691,17870,758703
692,10987,338851
693,8152,736206
694,10471,302133
695,16161,293651
696,10840,424437
697,26450,379470
698,15285,481140
699,35547,2919423
700,90203,627108
701,26517,119779
702,19401,596156
703,35164,2921659
704,57495,3134399
705,35278,2808602
706,9622,876634
707,33823,2068107
708,33954,2253891
709,4297,112837
710,34074,2339599
711,27981,968070
712,24199,285544
713,9998,18836
714,58823,3715444
715,5558,419460
716,19278,732954
717,58432,3486623
718,16723,355120
719,57026,2966614
720,2380,541857
721,32393,395274
722,1611,490843
723,12383,1001648
724,29774,219679
725,17369,171656
726,58596,3476192
727,28942,900678
728,30394,268677
729,16584,370833
730,3614,306337
731,1265,574976
732,1068,177751
733,19645,734051
734,1913,152253
735,17979,742056
736,10532,930853
737,18503,595869
738,3615,307932
739,33859,2132594
740,12959,254504
741,5472,529659
742,6954,63201
743,15310,594433
744,58434,3615021
745,21227,218131
746,1421,380841
747,1552,830542
748,13959,71859
749,16595,655839
750,31121,813572
751,34478,2651899
752,57244,3029589
753,18820,1005851
754,25591,550653
755,14694,1014246
756,57684,3262788
757,57056,2998576
758,8848,308256
759,3098,89957
760,30996,934271
761,11241,456045
762,8439,531250
763,14562,973364
764,10976,1017957
765,19293,862945
766,16436,51459
767,35117,2887399
768,33555,1929247
769,12854,783648
770,19904,800853
771,31545,265676
772,9204,622774
773,1756,3488579
774,15555,546544
775,58377,3468450
776,17612,31255
777,15815,1007015
778,529,903950
779,11772,686655
780,11670,931038
781,4551,934954
782,4536,299046
783,16924,576541
784,17009,751852
785,11000,1015243
786,15142,997650
787,35348,2826316
788,4569,611451
789,4534,506249
790,26247,704559
791,17633,290052
792,25268,386852
793,28425,467470
794,27910,615879
795,30664,544577
796,4702,234355
797,22396,428060
798,17308,701062
799,1095,382050
800,10903,607146
801,8487,152440
802,72,353238
803,1550,678744
804,23030,703767
805,15532,163343
806,17764,876700
807,7461,411512
808,58158,3377235
809,28362,83375
810,14051,305648
811,11448,58636
812,147,944337
813,5015,694847
814,19943,377908
815,35558,2939001
816,35236,2921211
817,35450,2920287
818,8296,904359
819,29700,345877
820,28860,401072
821,30428,392778
822,1993,75651
823,28263,767974
824,34294,2471239
825,29672,100777
826,58595,3597211
827,5615,517049
828,13251,416357
829,57031,2901558
830,7356,126012
831,11570,748357
832,26602,947776
833,57450,3150447
834,33497,1893049
835,59108,5278251
836,33926,2232757
837,27086,1158878
838,34686,2705112
839,58776,3715800
840,23137,160650
841,18660,814458
842,26185,582953
843,23702,489913
844,35514,2915126
845,18238,345309
846,15427,771748
847,14009,711548
848,1003,542649
849,597,884303
850,951,205542
851,6862,214722
852,28684,204077
853,19813,86554
854,30220,231279
855,10872,767246
856,13956,925859
857,57363,3032833
858,15546,504142
859,32209,562076
860,35366,2925620
861,12322,779650
862,21955,372855
863,58244,3455236
864,9423,826956
865,1014,324340
866,33306,1842065
867,91325,975751
868,11729,340742
869,3226,327855
870,28346,66677
871,58978,3918898
872,7213,476810
873,7799,895710
874,1715,869663
875,1402,279954
876,10363,928421
877,11432,209447
878,22601,97457
879,8758,410944
880,13055,783844
881,1051,535641
882,3140,885252
883,16817,744854
884,324,514132
885,14488,1001853
886,17809,98463
887,6103,381839
888,9647,44741
889,262,840019
890,14851,778738
891,893,126834
892,57483,3174920
893,14293,964250
894,9777,729945
895,10218,56258
896,18620,765318
897,1376,357937
898,5469,925055
899,16417,384830
900,1972,657758
901,15675,829041
902,6100,321152
903,16780,364131
904,19744,767554
905,27153,1163283
906,5673,701839
907,4533,381343
908,823,991621
909,22717,255556
910,10317,715630
911,8200,874050
912,19679,807656
913,15477,19936
914,8908,84804
915,10843,441135
916,35442,2921622
917,20454,915935
918,1956,954251
919,16442,131034
920,4707,1014853
921,2718,495419
922,1711,63733
923,20161,1016857
924,22954,897237
925,16126,44750
926,8572,246451
927,19420,367431
928,6760,481627
929,12309,617051
930,57957,3303298
931,31900,851172
932,21716,933966
933,34256,2512347
934,12079,564838
935,33739,2002222
936,33753,2007991
937,12694,578554
938,57265,962890
939,12165,344816
940,16852,959443
941,28060,647777
942,27841,673477
943,13032,716954
944,34311,2532082
945,33440,1867983
946,35477,2882983
947,35022,2751007
948,939,476342
949,20872,764816
950,16863,825753
951,3127,59352
952,24085,700252
953,20954,717737
954,14779,233358
955,15760,853747
956,5018,773742
957,3158,901451
958,4549,870650
959,5574,552161
960,26381,594853
961,10531,732253
962,30150,864378
963,31184,828473
964,12128,544447
965,10125,758842
966,11761,730745
967,30270,1014376
968,14785,474544
969,10319,55635
970,17880,398631
971,12303,625065
972,16934,317650
973,11759,212344
974,19806,877154
975,16581,489155
976,9047,795548
977,22657,804860
978,6194,867856
979,10474,356239
980,12501,54656
981,17214,523161
982,16753,261360
983,18724,235558
984,5495,482053
985,18356,413543
986,22523,139834
987,2467,149150
988,11905,899651
989,15519,296755
990,15333,947655
991,11778,733951
992,5830,678557
993,1933,875655
994,1918,1001451
995,10957,82659
996,1513,447557
997,9422,940852
998,6186,479446
999,10327,954653
1000,931,771047
1001,13107,1000641
1002,10167,822051
1003,10582,207957
1004,9337,213958
1005,1118,274856
1006,20818,162337
1007,8033,680130
1008,5840,65746
1009,8738,192147
1010,17830,376947
1011,23523,563336
1012,25103,575254
1013,12608,841753
1014,5396,79855
1015,34352,2697963
1016,17281,63069
1017,24367,697950
1018,20234,814430
1019,21111,567905
1020,17735,1011526
1021,14410,252041
1022,58458,3465226
1023,9499,841838
1024,12982,542528
1025,9486,641579
1026,1022,988144
1027,18038,47500
1028,57624,3185579
1029,14581,1007958
1030,34957,2735173
1031,3126,182951
1032,58660,3730746
1033,2444,832528
1034,29764,125873
1035,10821,498942
1036,15690,865544
1037,2443,886624
1038,34748,2723376
1039,406,155759
1040,9517,48440
1041,304,782548
1042,90181,179700
1043,13876,399517
1044,2241,219651
1045,3775,613343
1046,14507,944627
1047,58899,3869123
1048,58864,3821822
1049,34403,2562164
1050,26575,453370
1051,57756,3274709
1052,30085,660570
1053,22090,211338
1054,34908,2847142
1055,18855,156635
1056,15480,761954
1057,8140,178356
1058,14914,219044
1059,28103,658474
1060,18223,890603
1061,28481,117074
1062,31361,339072
1063,22257,491934
1064,33111,1718469
1065,13986,403254
1066,28834,174572
1067,5677,216632
1068,22312,1006344
1069,28480,596277
1070,33826,2078290
1071,15010,241559
1072,12305,891253
1073,27499,1391778
1074,57570,3224580
1075,983,60143
1076,1596,772446
1077,58446,3537897
1078,34938,2746245
1079,24998,601050
1080,10212,49054
1081,23772,625159
1082,57279,3131400
1083,15346,174367
1084,35019,2807173
1085,57429,3148613
1086,58020,3366239
1087,57176,3052813
1088,59114,5227101
1089,27409,1225752
1090,11777,296559
1091,22354,497039
1092,12246,42457
1093,18584,513340
1094,9310,358112
1095,8660,467658
1096,90,23643
1097,14333,945026
1098,57417,3189063
1099,15741,1008553
1100,9811,829452
1101,1209,885869
1102,16246,381932
1103,34784,2756730
1104,19024,794149
1105,231,194440
1106,16188,415855
1107,10330,1017564
1108,13819,479754
1109,1986,924553
1110,35319,2823230
1111,9932,129853
1112,9791,709451
1113,2289,548829
1114,10146,189044
1115,57873,3337097
1116,29842,275479
1117,8126,541642
1118,22229,578237
1119,31272,361279
1120,58576,3603970
1121,16854,768458
1122,7848,371924
1123,25752,572655
1124,1687,276953
1125,25750,250850
1126,8975,938550
1127,17445,779360
1128,14649,675042
1129,34020,2304636
1130,10791,430344
1131,35258,2851185
1132,17108,549862
1133,13068,957757
1134,32968,1474309
1135,25796,761833
1136,23189,1015841
1137,34683,2655495
1138,58311,3446784
1139,9760,835257
1140,12349,385350
1141,18568,958231
1142,23551,766052
1143,33805,2044820
1144,57579,3213333
1145,13951,974754
1146,22636,706656
1147,35094,2724766
1148,8879,460033
1149,57141,3005097
1150,34325,2445052
1151,34857,2702764
1152,4217,412452
1153,19681,901134
1154,35513,2943615
1155,58423,3448425
1156,22867,716851
1157,57073,2997216
1158,14776,257466
1159,34210,2483438
1160,30903,697978
1161,4646,725853
1162,35212,2860039
1163,18889,255547
1164,35118,2775692
1165,57468,3139321
1166,6989,202907
1167,26871,77422
1168,34160,553038
1169,920,102539
1170,26363,299868
1171,10568,168357
1172,57129,3040418
1173,27053,47256
1174,287,698144
1175,11595,175140
1176,12426,252658
1177,35020,2775179
1178,5197,923855
1179,12512,62147
1180,10595,756848
1181,15907,36456
1182,34627,2642598
1183,57511,3165357
1184,3846,273840
1185,32838,1440117
1186,6584,579319
1187,34610,2615220
1188,35585,2907019
1189,25665,354552
1190,6271,270504
1191,19272,785932
1192,57395,3121308
1193,23431,643452
1194,24897,293053
1195,27046,923752
1196,18185,738769
1197,19230,775241
1198,25161,371559
1199,2787,466932
1200,30819,441078
1201,14604,527057
1202,5219,813853
1203,27969,476472
1204,14633,646743
1205,28841,520777
1206,32286,847979
1207,34944,2735324
1208,50,470032
1209,9536,130345
1210,230,849348
1211,17551,92144
1212,23257,987231
1213,19749,906652
1214,5619,378044
1215,17734,853934
1216,8067,322449
1217,27201,1176920
1218,22567,367150
1219,58732,3617856
1220,14883,502746
1221,1839,987848
1222,10114,772240
1223,18272,790543
1224,26416,147651
1225,1936,825548
1226,16976,121914
1227,21988,875048
1228,8058,198046
1229,13380,484141
1230,2720,509811
1231,58500,3637706
1232,27572,1412712
1233,3363,774262
1234,19048,697633
1235,29430,373272
1236,9727,273653
1237,8527,819556
1238,13788,164957
1239,57614,3187630
1240,28677,203575
1241,5634,126049
1242,34876,2756909
1243,955,624246
1244,58076,3357947
1245,57919,3317932
1246,19482,477321
1247,57571,3220863
1248,21578,837037
1249,4649,972750
1250,8231,398837
1251,34363,976552
1252,18063,474656
1253,18100,361055
1254,16868,177555
1255,35286,2850768
1256,13198,879457
1257,30067,843476
1258,2318,537355
1259,5496,403151
1260,57250,3027763
1261,5635,514048
1262,90282,447100
1263,10045,978239
1264,58859,3816163
1265,33137,1478231
1266,58411,3485420
1267,57061,2929392
1268,21525,914853
1269,35027,2992501
1270,14264,544652
1271,6063,61355
1272,13616,837046
1273,8798,473930
1274,17160,921655
1275,18361,457752
1276,35602,449935
1277,27226,1191482
1278,23992,689209
1279,8888,625654
1280,21952,225335
1281,1438,474357
1282,12220,1016848
1283,33009,1459735
1284,12126,477844
1285,29231,658072
1286,9155,271529
1287,58502,3540310
1288,21998,697035
1289,8725,544951
1290,8511,810544
1291,33855,2122997
1292,25620,639567
1293,33492,1885932
1294,57135,3013823
1295,28818,172475
1296,21163,297631
1297,24561,1015467
1298,13821,989347
1299,30260,1007873
1300,9322,755252
1301,58410,3783313
1302,58648,3594005
1303,10709,564463
1304,21486,158741
1305,29839,228279
1306,10352,701857
1307,35480,2860271
1308,34259,2686211
1309,34681,2624400
1310,19416,996260
1311,30167,934673
1312,29293,28675
1313,11358,202514
1314,2691,647218
1315,8833,343958
1316,18443,900146
1317,28543,481579
1318,34444,2354985
1319,31905,729178
1320,11666,543262
1321,17437,256553
1322,17162,57451
1323,15728,815156
1324,16231,860352
1325,504,464255
1326,8637,827458
1327,29208,971070
1328,20727,384652
1329,20931,530703
1330,14772,223845
1331,35510,644954
1332,2453,357526
1333,1522,460341
1334,29535,324975
1335,27269,271275
1336,29874,1005075
1337,29926,738572
1338,6101,66154
1339,15200,872047
1340,23620,193809
1341,26588,513322
1342,5123,314257
1343,17450,902645
1344,29066,705378
1345,26564,975256
1346,26633,65513
1347,15883,539340
1348,26530,571265
1349,13240,222446
1350,12857,220844
1351,58180,3382547
1352,33565,1940747
1353,623,214807
1354,26392,304913
1355,16249,347639
1356,10803,846132
1357,14705,668147
1358,1527,27847
1359,3787,771140
1360,1490,575656
1361,18200,311603
1362,16012,924405
1363,5649,30810
1364,9668,724548
1365,14769,56548
1366,7464,71318
1367,3977,401559
1368,32245,961624
1369,57230,3049635
1370,57336,3090833
1371,32737,1436071
1372,34331,2502825
1373,10804,823142
1374,15219,642549
1375,10643,397559
1376,17713,537038
1377,15336,101439
1378,17441,602842
1379,30746,370271
1380,58119,3441677
1381,58282,3346633
1382,8824,1000959
1383,90191,197302
1384,3873,453446
1385,57477,3133570
1386,30439,278872
1387,21809,252256
1388,34742,2652092
1389,34313,2605566
1390,5796,645540
1391,33510,1000100
1392,90173,738303
1393,31628,197478
1394,30313,35879
1395,25749,98717
1396,32773,128904
1397,28167,939070
1398,32277,206772
1399,982,643340
1400,20026,171133
1401,32360,643078
1402,90188,859002
1403,29846,980773
1404,58049,3347603
1405,29981,633677
1406,34489,2594419
1407,9678,845247
1408,28390,3529315
1409,57734,3320576
1410,30953,961576
1411,29065,615776
1412,12985,282824
1413,10489,609645
1414,29904,17978
1415,15259,679451
1416,16553,439356
1417,12162,998648
1418,16001,861304
1419,10185,13251
1420,57228,3068579
1421,58413,3482045
1422,14944,12656
1423,12054,137915
1424,57834,3268173
1425,58632,3706013
1426,57672,3277241
1427,4789,65858
1428,59099,5192496
1429,57293,3121072
1430,27205,1186965
1431,10716,431958
1432,13000,435059
1433,31445,239275
1434,33380,1836701
1435,34786,2730431
1436,27237,1190476
1437,27408,1356768
1438,11539,457426
1439,90270,332402
1440,31485,81175
1441,26591,115575
1442,30707,206473
1443,25858,139656
1444,10004,599643
1445,18265,145956
1446,10980,40855
1447,16629,918954
1448,1746,305433
1449,58140,3447820
1450,28262,952677
1451,8675,781028
1452,17262,961400
1453,29268,794475
1454,28401,587677
1455,26799,498531
1456,6947,292908
1457,57109,3029253
1458,26444,952172
1459,35230,2834759
1460,28914,55970
1461,23404,427858
1462,34010,2297998
1463,1299,592448
1464,1435,492650
1465,8468,507068
1466,160,613839
1467,4619,144052
1468,13366,456755
1469,10528,985451
1470,1616,686459
1471,8274,2747466
1472,12402,769334
1473,10132,805045
1474,18838,787141
1475,15064,618544
1476,20711,1002430
1477,5551,537560
1478,9378,14155
1479,12761,163857
1480,16916,937834
1481,10184,114251
1482,10967,171759
1483,14922,542153
1484,5401,259059
1485,9963,741330
1486,16897,510330
1487,30595,413673
1488,8083,682648
1489,18213,882701
1490,27806,666974
1491,30056,798277
1492,28652,618777
1493,11731,601032
1494,26856,564557
1495,57603,3184228
1496,23286,833404
1497,29357,156970
1498,29962,969974
1499,5589,377663
1500,35157,2819167
1501,924,744238
1502,9188,322757
1503,9462,176325
1504,12284,273859
1505,5716,763930
1506,2036,348720
1507,16673,22936
1508,9069,64730
1509,13046,2040
1510,8668,713926
1511,10382,672247
1512,13737,888141
1513,1331,808260
1514,34719,2667939
1515,9986,804422
1516,10469,724940
1517,15173,41245
1518,9298,863746
1519,13242,79145
1520,9340,721752
1521,13625,622653
1522,288,839817
1523,16717,792248
1524,12602,788559
1525,28478,412872
1526,13801,372640
1527,13887,446130
1528,4144,836656
1529,1895,891226
1530,15801,205243
1531,3170,555256
1532,16440,4231
1533,13415,257653
1534,1735,434539
1535,17444,984650
1536,14275,516154
1537,16810,455552
1538,5377,398051
1539,12355,472643
1540,1225,871769
1541,14024,274052
1542,1660,282226
1543,14056,266851
1544,255,201647
1545,10492,673244
1546,501,601153
1547,21728,677756
1548,15610,145741
1549,10571,388753
1550,8845,269759
1551,1599,334657
1552,11324,321330
1553,8756,864248
1554,10165,728957
1555,1901,762353
1556,13382,770451
1557,13662,411651
1558,8405,289515
1559,14445,51842
1560,22888,658924
1561,10896,672041
1562,1296,325141
1563,8661,524757
1564,2850,307062
1565,57335,3020447
1566,2429,619327
1567,17614,482156
1568,4621,984351
1569,1291,12946
1570,1027,33147
1571,12869,262741
1572,2765,46941
1573,16103,3458
1574,8267,742355
1575,8268,743950
1576,4539,303952
1577,34711,19972
1578,10514,449841
1579,15118,1002850
1580,4611,137559
1581,15928,166849
1582,18284,624648
1583,10500,380346
1584,25668,656247
1585,13025,205346
1586,18394,741844
1587,14807,774347
1588,10122,368344
1589,9122,228055
1590,16116,143859
1591,15367,461058
1592,15126,680747
1593,14344,603559
1594,14578,113441
1595,8760,208440
1596,8647,327220
1597,12107,921936
1598,5838,131717
1599,342,475354
1600,13897,757452
1601,11307,477648
1602,526,542854
1603,5797,537243
1604,12293,407850
1605,13407,875057
1606,1686,120953
1607,9295,749840
1608,19720,113030
1609,9106,507349
1610,13775,105530
1611,12855,840747
1612,879,773032
1613,6156,694771
1614,14209,1006148
1615,10458,510947
1616,16114,567736
1617,11299,856346
1618,1780,956956
1619,11133,91950
1620,10802,41937
1621,10077,860231
1622,8214,1006157
1623,10561,1007752
1624,9259,837541
1625,9354,981453
1626,13902,295646
1627,15011,554941
1628,14404,702966
1629,1929,803658
1630,10174,865852
1631,8864,899156
1632,11680,653433
1633,12758,37659
1634,11003,365950
1635,14392,382443
1636,8510,646042
1637,12858,543945
1638,14195,825847
1639,9327,653134
1640,11329,948036
1641,6149,477376
1642,31936,675079
1643,3195,450753
1644,1028,314444
1645,33005,1459717
1646,4319,321947
1647,33831,2107181
1648,29744,119872
1649,10464,640143
1650,14352,764142
1651,1380,879439
1652,57621,3202962
1653,21440,598534
1654,14251,193247
1655,20268,9357
1656,28316,255574
1657,30895,762474
1658,14382,939249
1659,33198,1516423
1660,21455,741068
1661,26451,933377
1662,29521,446176
1663,19644,848248
1664,35206,2914268
1665,30954,777375
1666,1150,55653
1667,13838,618740
1668,58741,3664588
1669,27697,837970
1670,6672,723112
1671,25158,827560
1672,31840,590976
1673,10176,88950
1674,58486,3547131
1675,35323,2880019
1676,4209,328058
1677,2595,442806
1678,2738,721949
1679,8122,391418
1680,30698,62772
1681,35245,2848756
1682,15762,321255
1683,3657,850036
1684,2240,771458
1685,14808,653648
1686,8149,101037
1687,16858,921039
1688,58593,3595682
1689,19226,786340
1690,34040,2317672
1691,26312,1883321
1692,16849,466240
1693,3121,239659
1694,15019,216922
1695,4092,280352
1696,6917,899428
1697,34116,2349459
1698,58481,3401970
1699,12229,169653
1700,16473,49652
1701,5907,875936
1702,1744,291330
1703,14885,451068
1704,9620,131436
1705,27078,550756
1706,5525,402462
1707,3973,77851
1708,14778,294564
1709,27394,1228034
1710,13946,640956
1711,33405,1862719
1712,15348,157856
1713,5438,114859
1714,18641,646444
1715,3134,749952
1716,5405,266655
1717,3335,373553
1718,5097,147857
1719,12517,806846
1720,4464,786948
1721,18431,192558
1722,5380,983055
1723,9288,312244
1724,2784,533535
1725,15580,823638
1726,17470,804338
1727,7577,432012
1728,15695,478430
1729,3702,238139
1730,17474,946461
1731,4738,332055
1732,9450,586027
1733,18592,637554
1734,9070,760939
1735,26960,758851
1736,58152,3429282
1737,14281,391959
1738,28533,419675
1739,14276,239556
1740,16501,344647
1741,4228,988452
1742,15229,537449
1743,58636,3633016
1744,57552,3177426
1745,3399,919568
1746,34966,2849463
1747,35530,2963266
1748,10637,134156
1749,34995,2726050
1750,34969,2797359
1751,19716,639549
1752,1700,999935
1753,57123,2997748
1754,57252,3075474
1755,57966,3374878
1756,5006,968744
1757,23152,541231
1758,4433,186744
1759,22502,666358
1760,21478,620752
1761,7593,978118
1762,4972,133850
1763,11228,831642
1764,34899,2765602
1765,741,978417
1766,16748,695134
1767,58644,3688548
1768,3047,587752
1769,686,881012
1770,34415,2568063
1771,58054,3404373
1772,57273,3041358
1773,57465,3153297
1774,57069,2948058
1775,34496,2332910
1776,24603,400365
1777,7468,42420
1778,33832,2107341
1779,13179,932745
1780,24353,339456
1781,34533,2596646
1782,22964,334264
1783,14904,233246
1784,13012,2353595
1785,2176,642857
1786,34047,2328137
1787,5384,993250
1788,8535,1017555
1789,11225,742542
1790,15913,371232
1791,57124,3034257
1792,30166,812379
1793,33794,2037185
1794,34887,2716828
1795,34752,2696180
1796,27211,1188772
1797,14735,837149
1798,3850,242
1799,1639,619859
1800,18204,958204
1801,58294,3470864
1802,24332,5069
1803,4028,441256
1804,17047,713140
1805,25883,759045
1806,35533,2947556
1807,4049,315656
1808,13020,170332
1809,58508,3411773
1810,4960,702836
1811,10168,217059
1812,5186,917854
1813,33131,1470150
1814,1600,276654
1815,15621,77150
1816,1487,150035
1817,12839,139843
1818,10879,894946
1819,31313,384278
1820,31077,943974
1821,29782,220974
1822,29537,387671
1823,30291,14977
1824,29047,950178
1825,30441,517674
1826,27643,207470
1827,29845,981275
1828,30422,331076
1829,31127,814074
1830,29705,346379
1831,29787,540775
1832,27678,898579
1833,29490,441470
1834,29090,623874
1835,29005,693073
1836,30812,90177
1837,31197,831875
1838,29345,80374
1839,29646,339876
1840,31409,411174
1841,29636,583071
1842,29645,399973
1843,28706,624778
1844,30058,921879
1845,29488,318974
1846,29838,144678
1847,29624,90579
1848,28405,403179
1849,31406,229070
1850,29164,828174
1851,29135,820879
1852,28635,198073
1853,28924,771878
1854,29056,613679
1855,31516,257578
1856,29690,107570
1857,28769,158376
1858,28445,346771
1859,29937,741974
1860,30315,42372
1861,28845,582971
1862,29710,110972
1863,28712,565170
1864,1122,80150
1865,31479,420877
1866,23473,106359
1867,28905,48374
1868,6600,165628
1869,19440,292234
1870,5278,840354
1871,4382,693345
1872,3066,470050
1873,29058,768074
1874,58370,3525577
1875,58532,3591282
1876,58647,3637685
1877,58208,3437148
1878,30969,966272
1879,58060,3386264
1880,14028,422433
1881,31223,716374
1882,17985,980661
1883,4457,618647
1884,4636,922157
1885,34997,2771694
1886,6354,434203
1887,34998,2877840
1888,20179,254849
1889,1900,761851
1890,18380,366658
1891,10248,236153
1892,34607,2758613
1893,1105,659855
1894,11348,845443
1895,14930,787842
1896,23376,248633
1897,18474,1492817
1898,21247,263243
1899,7404,790918
1900,14029,898850
1901,57898,3282021
1902,4365,17147
1903,27381,1222519
1904,3705,762447
1905,3709,1007846
1906,19001,770853
1907,19212,228158
1908,1970,575955
1909,5151,75053
1910,19188,691556
1911,28930,710176
1912,19349,991359
1913,8282,825454
1914,58230,3383665
1915,363,613156
1916,29617,493077
1917,22271,330239
1918,17643,823450
1919,3887,42448
1920,4111,195456
1921,4519,376442
1922,5113,371755
1923,15059,109659
1924,26219,266066
1925,4324,60648
1926,25894,944355
1927,4256,439404
1928,14712,355858
1929,26543,375566
1930,6811,979629
1931,34455,2490285
1932,14801,248455
1933,3639,32234
1934,4145,830355
1935,16130,114260
1936,2704,717513
1937,4756,183958
1938,3902,974558
1939,25738,396253
1940,4037,984258
1941,7658,1007417
1942,5575,614368
1943,14468,57040
1944,3086,75558
1945,14427,480433
1946,13853,616148
1947,4668,923350
1948,13798,844455
1949,14370,755047
1950,14836,204826
1951,4161,310950
1952,14567,412845
1953,5460,850054
1954,3999,538754
1955,13813,340443
1956,17811,855264
1957,17572,177443
1958,14400,74449
1959,5247,197759
1960,5269,805755
1961,25122,216230
1962,18282,354057
1963,17438,413141
1964,25065,47452
1965,5564,198961
1966,18564,465038
1967,23430,240954
1968,3325,369659
1969,16859,239752
1970,19070,11640
1971,33506,1892154
1972,57694,3232370
1973,26228,648550
1974,3863,251745
1975,17913,397456
1976,3217,324153
1977,18880,890050
1978,169,563233
1979,34918,2759629
1980,3269,583352
1981,18150,975555
1982,4794,614256
1983,2735,907444
1984,18895,560353
1985,4288,575834
1986,58259,3404467
1987,961,893248
1988,15763,330248
1989,3854,864846
1990,4211,525053
1991,5452,527954
1992,3720,860147
1993,26829,82033
1994,7888,379920
1995,16612,568939
1996,15572,972732
1997,11501,472616
1998,2107,347022
1999,24902,346566
2000,1049,129349
2001,19502,283737
2002,3842,145545
2003,18136,89135
2004,19263,538950
2005,3285,613950
2006,22046,714839
2007,1545,820048
2008,17872,968155
2009,25247,734538
2010,22092,450632
2011,5357,23755
2012,22282,277240
2013,21379,78241
2014,12248,576952
2015,3747,413646
2016,6800,911339
2017,4736,172158
2018,18514,712956
2019,24865,495558
2020,58745,3623969
2021,5432,208655
2022,7675,186717
2023,3440,783161
2024,2208,868956
2025,12484,75259
2026,4746,285852
2027,28396,586072
2028,33010,1459799
2029,21874,421539
2030,28859,646172
2031,3063,357553
2032,21784,262237
2033,6085,374653
2034,22549,177135
2035,4185,524953
2036,35214,2839790
2037,59017,4114567
2038,58039,3314043
2039,57967,3349241
2040,28105,660271
2041,30241,253776
2042,30358,141677
2043,29961,785473
2044,32629,67656
2045,28723,627377
2046,29809,483274
2047,22536,25647
2048,35223,2805535
2049,5633,673440
2050,9728,109154
2051,1622,322551
2052,3698,416339
2053,17120,718145
2054,5107,339353
2055,5252,861658
2056,10253,969059
2057,17001,377850
2058,1852,894544
2059,20657,670654
2060,20162,647955
2061,20646,651457
2062,58443,3555248
2063,20479,625056
2064,15767,949453
2065,18508,681043
2066,11932,819154
2067,17224,592439
2068,31928,920975
2069,18519,458544
2070,30680,59370
2071,57799,3282692
2072,34222,2491291
2073,10576,22552
2074,10055,631039
2075,31158,954671
2076,15565,382649
2077,29332,66275
2078,2700,702612
2079,2829,246134
2080,57741,3224302
2081,57910,3285246
2082,22448,522454
2083,10588,773546
2084,15271,801047
2085,18924,116554
2086,10704,498456
2087,8522,795249
2088,12149,565143
2089,19163,36933
2090,17775,719964
2091,5791,854847
2092,8500,822846
2093,13632,114840
2094,15206,264455
2095,15898,884358
2096,11634,548641
2097,18301,524766
2098,15050,10849
2099,16177,190947
2100,15032,113740
2101,5821,677448
2102,16332,899642
2103,12283,41553
2104,9879,99853
2105,15511,435750
2106,12244,488756
2107,18987,454340
2108,24498,216164
2109,17856,750154
2110,13622,151957
2111,15752,887340
2112,15364,861854
2113,16643,603755
2114,1218,407168
2115,15663,924236
2116,9437,294023
2117,16333,172859
2118,15586,744256
2119,8604,284958
2120,15321,561145
2121,16182,53752
2122,21752,965051
2123,12757,513854
2124,17950,796152
2125,15539,917050
2126,16600,497655
2127,16695,410560
2128,17639,1155
2129,14974,605656
2130,10159,144856
2131,11559,1012251
2132,14185,489548
2133,5999,325459
2134,10162,60554
2135,13868,499453
2136,8196,299251
2137,16895,88352
2138,10871,601041
2139,11904,31657
2140,10991,364850
2141,15496,5135
2142,22034,453839
2143,11181,229454
2144,11557,303653
2145,10799,698546
2146,15471,918655
2147,484,99255
2148,4440,805447
2149,12373,277053
2150,12893,654047
2151,23815,504535
2152,21805,519146
2153,11669,980438
2154,8317,597658
2155,9349,943152
2156,10243,931159
2157,8857,79257
2158,8383,997557
2159,5175,1015458
2160,9330,986159
2161,8745,967046
2162,17909,103563
2163,1168,87159
2164,16334,776369
2165,10437,413347
2166,12836,87047
2167,16162,400057
2168,2157,140634
2169,9005,189950
2170,17350,578862
2171,8831,769156
2172,12219,345756
2173,11302,426141
2174,8218,833851
2175,11922,190563
2176,17509,191935
2177,21050,250430
2178,2710,961811
2179,9978,273662
2180,10809,472148
2181,94,843542
2182,1609,222156
2183,1781,232847
2184,9770,823656
2185,19106,633341
2186,17323,707354
2187,399,514356
2188,4977,485559
2189,11935,444350
2190,3293,875758
2191,22551,688257
2192,13905,388155
2193,8333,570651
2194,5754,583138
2195,10123,84046
2196,8752,640442
2197,34778,2718596
2198,15472,1011955
2199,12769,578255
2200,4857,61122
2201,4239,509950
2202,34150,2356091
2203,7886,127224
2204,17077,259330
2205,22738,207872
2206,58201,3350658
2207,10307,234739
2208,13083,34742
2209,19123,687951
2210,31972,715470
2211,57607,3158546
2212,19742,222754
2213,254,740249
2214,11063,491224
2215,13599,631150
2216,19288,427353
2217,8663,436159
2218,14331,296456
2219,18714,288853
2220,5486,540056
2221,30387,510871
2222,3387,840363
2223,35028,2746263
2224,17478,536554
2225,4660,916857
2226,26647,932978
2227,20468,540739
2228,20488,554857
2229,14312,386450
2230,35361,2867337
2231,659,601416
2232,35218,2845755
2233,8188,83151
2234,58113,3404999
2235,32541,146672
2236,11734,979133
2237,57280,3022610
2238,13561,551016
2239,58074,3341393
2240,26340,837952
2241,22598,777441
2242,23293,279105
2243,35304,2896216
2244,26323,188430
2245,58564,959304
2246,12225,509857
2247,23764,257756
2248,2824,441434
2249,14420,805250
2250,954,617743
2251,6794,969639
2252,2759,400141
2253,16127,839255
2254,19027,562553
2255,19468,739430
2256,5005,590640
2257,17011,12030
2258,4792,209559
2259,1294,100843
2260,11306,608844
2261,17580,697231
2262,7472,239613
2263,4482,242949
2264,1426,498148
2265,57415,3141726
2266,12139,540850
2267,5229,755458
2268,15945,926632
2269,11741,927134
2270,17446,455459
2271,21090,186856
2272,19640,305750
2273,5286,111942
2274,34401,2515320
2275,9632,953535
2276,58107,3384372
2277,28530,313577
2278,18761,102557
2279,35441,2855866
2280,1821,554343
2281,12372,433859
2282,57504,3188712
2283,29188,835770
2284,27918,652977
2285,1399,751656
2286,30402,574079
2287,17937,493844
2288,19836,228000
2289,17951,491402
2290,16778,48150
2291,11792,1006652
2292,58714,3635533
2293,4031,245351
2294,10446,687830
2295,57255,3058329
2296,9669,502447
2297,58712,3729124
2298,58292,3392975
2299,57945,3345065
2300,58010,3314119
2301,17881,432058
2302,35221,2858492
2303,35276,2835103
2304,15664,629522
2305,35031,2735137
2306,57254,3051432
2307,11767,652043
2308,30519,588478
2309,14926,735049
2310,8210,72454
2311,19222,739560
2312,58090,3398623
2313,2828,244037
2314,58218,3470930
2315,35376,2911856
2316,14730,191355
2317,33922,2218443
2318,15545,33857
2319,58509,3472046
2320,58743,3627109
2321,21978,632858
2322,5510,682563
2323,26519,943853
2324,16416,125154
2325,27614,1407932
2326,7551,474919
2327,15966,900502
2328,58696,3614976
2329,999,540542
2330,32307,24378
2331,19687,987651
2332,18164,608358
2333,15306,808653
2334,27774,657271
2335,10306,136459
2336,57644,3223417
2337,8730,733540
2338,33103,1493319
2339,58678,3667132
2340,57275,3145162
2341,22366,972769
2342,32287,291273
2343,30397,451273
2344,14096,1016558
2345,16040,442011
2346,88,329345
2347,59149,5336928
2348,26333,852704
2349,5408,2750
2350,57071,3016347
2351,58523,3646397
2352,17393,37640
2353,5749,556936
2354,12113,830748
2355,30126,670775
2356,16689,734350
2357,3219,323651
2358,30788,2634191
2359,8492,617538
2360,28729,147679
2361,9244,439132
2362,7074,866000
2363,12406,750239
2364,956,566243
2365,8853,975854
2366,58263,3561771
2367,29399,250476
2368,14079,724744
2369,4673,928056
2370,57192,3025929
2371,58654,3614369
2372,58556,3593307
2373,26223,536059
2374,28735,148171
2375,58579,3602889
2376,26881,962966
2377,57585,3224375
2378,58278,3440803
2379,33124,2182786
2380,58405,3592047
2381,11699,936837
2382,8569,815053
2383,17317,850456
2384,17748,241607
2385,10639,493152
2386,30976,905673
2387,29206,839974
2388,22040,525352
2389,22065,76854
2390,31864,68671
2391,57274,3093964
2392,8842,945950
2393,57531,3148033
2394,10962,1003558
2395,3674,875132
2396,58789,3812147
2397,10816,226949
2398,32084,732178
2399,18719,918356
2400,24922,178851
2401,34812,2728661
2402,3230,333856
2403,5116,311256
2404,10998,20857
2405,15744,619457
2406,15778,361354
2407,10918,207452
2408,9417,983158
2409,15687,933340
2410,11934,404653
2411,35292,2815879
2412,29657,524579
2413,58680,3599804
2414,15146,576354
2415,505,589158
2416,34207,2482824
2417,14058,733559
2418,3762,857941
2419,8552,101738
2420,29546,572374
2421,15289,131650
2422,34138,2354323
2423,31762,518877
2424,26760,803649
2425,22653,243375
2426,57710,3268249
2427,31198,645577
2428,15255,83955
2429,15632,592644
2430,26397,326979
2431,90206,632607
2432,12661,675248
2433,27965,567679
2434,13703,295011
2435,30637,357777
2436,11347,783246
2437,8018,648130
2438,3713,715144
2439,19011,268828
2440,16495,339054
2441,28708,564678
2442,58768,3635551
2443,28670,131173
2444,19638,969255
2445,1208,112163
2446,15953,84541
2447,17767,289739
2448,10907,1009756
2449,57127,2989006
2450,29986,823076
2451,27998,727174
2452,20353,459130
2453,32974,1458608
2454,59140,5303724
2455,30388,388874
2456,226,969844
2457,35249,2853358
2458,9264,274641
2459,25093,245016
2460,28222,1008076
2461,28589,365576
2462,11113,291611
2463,8128,545846
2464,29035,888271
2465,12441,463735
2466,24170,657365
2467,58675,3793714
2468,35345,2855307
2469,10359,466857
2470,59070,40499
2471,5817,647245
2472,19101,660927
2473,31461,139478
2474,10145,456344
2475,11716,799939
2476,11415,28152
2477,9128,813059
2478,14399,170257
2479,30155,995272
2480,30039,918477
2481,26411,109574
2482,18296,915065
2483,10619,508346
2484,9035,224954
2485,9443,853112
2486,14809,604547
2487,18740,88455
2488,20369,426534
2489,35052,2800491
2490,3919,837653
2491,9007,135854
2492,25851,833758
2493,8811,780722
2494,32718,1414819
2495,29241,849076
2496,17229,97055
2497,13111,633640
2498,26372,574051
2499,29012,881478
2500,17145,666554
2501,57548,3120897
2502,18463,225942
2503,30846,628178
2504,58220,3429219
2505,8865,777254
2506,19254,901358
2507,33905,2209553
2508,34072,2349301
2509,21721,337340
2510,29577,194570
2511,57576,3199811
2512,30090,986672
2513,33119,1469677
2514,15282,499743
2515,57656,3224478
2516,20761,318947
2517,29224,912578
2518,5568,610164
2519,31345,971379
2520,34488,2536633
2521,13058,505550
2522,27752,872579
2523,22874,550635
2524,29783,479370
2525,3017,247551
2526,418,881852
2527,16111,764058
2528,31232,652070
2529,6198,681249
2530,57420,3125315
2531,26191,969424
2532,11407,750341
2533,11902,554268
2534,14650,731247
2535,34747,2710554
2536,14084,592859
2537,14073,682143
2538,19184,1454
2539,90211,673909
2540,33849,2119773
2541,2805,117038
2542,4540,908553
2543,19354,931355
2544,9080,568135
2545,21448,617275
2546,321,725741
2547,4664,840251
2548,5629,596642
2549,26271,118660
2550,29881,1015270
2551,28094,929978
2552,9196,138556
2553,8884,852357
2554,27654,804374
2555,31236,902672
2556,34652,2728746
2557,29683,105473
2558,31774,582878
2559,29476,317379
2560,28349,71073
2561,29042,796572
2562,27417,724904
2563,90040,499154
2564,6680,79127
2565,27898,612878
2566,30248,255873
2567,28246,765877
2568,26798,460770
2569,35385,932277
2570,30176,868572
2571,31723,33370
2572,966,472045
2573,9745,983550
2574,14867,653947
2575,12815,696430
2576,14492,697156
2577,17094,522669
2578,57632,3223408
2579,32459,251978
2580,11466,747051
2581,16375,300036
2582,11482,140157
2583,28667,132778
2584,32489,258771
2585,31028,788773
2586,58163,3357910
2587,26523,1004470
2588,30219,940674
2589,12781,63742
2590,35455,2897633
2591,58470,3594087
2592,19603,393953
2593,10197,156457
2594,3691,770639
2595,27677,212577
2596,31267,359472
2597,8165,815147
2598,15566,157744
2599,109,458142
2600,11236,528849
2601,4360,130541
2602,14327,663955
2603,3256,703552
2604,57411,3154780
2605,15598,877350
2606,15405,528241
2607,57776,3282852
2608,28747,447070
2609,57890,413208
2610,58188,3357620
2611,30031,646471
2612,30464,582177
2613,27884,609476
2614,18344,917555
2615,11810,475345
2616,23126,753641
2617,57990,3358270
2618,12354,467144
2619,281,211114
2620,58371,3517590
2621,28100,808176
2622,58095,3384952
2623,33845,2110640
2624,35103,2753917
2625,10788,180845
2626,34076,2339900
2627,3664,925037
2628,17399,369453
2629,3342,414858
2630,22925,956527
2631,20989,606653
2632,57379,3180136
2633,8136,648242
2634,10741,396057
2635,34728,2666400
2636,27811,636771
2637,3076,122854
2638,11462,956152
2639,24387,1015560
2640,14679,536527
2641,12506,733054
2642,9307,1001817
2643,59098,5193989
2644,27763,904171
2645,22444,189745
2646,35521,2877345
2647,22020,329550
2648,90250,272302
2649,57587,3160978
2650,15578,897451
2651,18979,26242
2652,31823,221775
2653,24516,538802
2654,27210,1187001
2655,17128,1016941
2656,25258,44433
2657,11492,209858
2658,33708,2006024
2659,19629,1001152
2660,24961,382069
2661,59093,5050028
2662,25679,230759
2663,25648,780562
2664,24823,867632
2665,31043,791072
2666,29501,277679
2667,58692,3786435
2668,4799,557858
2669,58316,3449066
2670,30121,854173
2671,28892,35570
2672,29093,809379
2673,34295,2524797
2674,19080,913753
2675,18198,407506
2676,15311,989141
2677,17347,180443
2678,14690,190648
2679,13953,982348
2680,950,734248
2681,15947,865142
2682,10497,298049
2683,15808,662949
2684,14413,651541
2685,8751,869346
2686,11349,849647
2687,18400,649342
2688,1547,202541
2689,10473,760434
2690,15593,532453
2691,1237,428462
2692,28908,45775
2693,11746,1007930
2694,29675,403870
2695,1005,74140
2696,23469,447874
2697,19977,320119
2698,16666,812436
2699,34619,2774707
2700,12514,529341
2701,13109,884442
2702,15121,112444
2703,291,1016718
2704,30492,291376
2705,8799,122153
2706,31266,360777
2707,10960,88259
2708,31083,613978
2709,16546,980531
2710,7123,306908
2711,16470,45560
2712,1071,598954
2713,19762,854454
2714,9997,786733
2715,14359,732918
2716,12384,482446
2717,18237,820301
2718,7599,920210
2719,35237,2992547
2720,58243,3419416
2721,20296,58243
2722,16176,977652
2723,22070,45430
2724,15237,235950
2725,58396,3412417
2726,5473,469559
2727,9325,121651
2728,8896,733755
2729,10677,653611
2730,21761,651448
2731,628,852218
2732,15078,741152
2733,12308,866055
2734,19774,979357
2735,5892,644141
2736,13957,422059
2737,13157,4156
2738,12874,327305
2739,9665,485456
2740,13413,651354
2741,17832,368951
2742,9793,701950
2743,9794,814551
2744,28765,633378
2745,26790,609609
2746,16471,366854
2747,29661,463977
2748,17897,583905
2749,13063,247908
2750,18879,795959
2751,1409,58757
2752,13843,367543
2753,28722,382274
2754,734,373115
2755,267,683814
2756,8761,665146
2757,34644,2610784
2758,17534,280110
2759,29691,208972
2760,34456,1429028
2761,17993,931944
2762,8946,816751
2763,18900,909541
2764,19447,809940
2765,6616,966722
2766,29486,440978
2767,3805,489249
2768,20156,67151
2769,21928,908450
2770,58806,3720336
2771,14969,600419
2772,6161,584377
2773,3286,556459
2774,8386,803957
2775,18892,995955
2776,29771,416674
2777,19899,160959
2778,16423,26457
2779,12410,956134
2780,17068,483751
2781,28983,686570
2782,11106,140018
2783,16396,535931
2784,1390,987053
2785,10989,269058
2786,13102,874845
2787,29049,890078
2788,8193,30650
2789,17122,706450
2790,15443,1015850
2791,27589,1917301
2792,10965,164153
2793,30530,301574
2794,8172,11145
2795,19953,687009
2796,19573,201834
2797,58961,4165907
2798,21255,391557
2799,21693,32766
2800,22217,635457
2801,14913,184142
2802,57785,3253834
2803,1964,767255
2804,23597,2161
2805,8681,519874
2806,307,535034
2807,4537,103255
2808,57112,2963547
2809,34982,2758024
2810,5826,481177
2811,11601,178150
2812,22839,51356
2813,58257,3428258
2814,15320,855648
2815,29186,834175
2816,58148,3407084
2817,6623,785923
2818,12259,1015252
2819,8283,893855
2820,57134,3109146
2821,33418,1863097
2822,33645,790703
2823,11582,661223
2824,5819,625140
2825,17676,785950
2826,4042,320052
2827,12699,478252
2828,15414,767040
2829,22319,397755
2830,58247,3444539
2831,57953,3306280
2832,57882,3340903
2833,58006,878898
2834,10886,635840
2835,3108,100357
2836,12616,865151
2837,34936,2745426
2838,10118,936640
2839,12395,478533
2840,58604,3612525
2841,58428,3489071
2842,297,580847
2843,11719,371942
2844,17943,587800
2845,23754,478766
2846,20429,386432
2847,28463,534073
2848,20856,283438
2849,29009,757377
2850,26891,1387203
2851,26816,593771
2852,58778,3943210
2853,58852,3690121
2854,58274,3386143
2855,11522,68756
2856,6516,130813
2857,57505,3140822
2858,32242,839572
2859,17096,883351
2860,10121,644646
2861,34073,2339795
2862,31217,715872
2863,58646,3648337
2864,9314,522847
2865,28963,930871
2866,29692,529275
2867,14207,589943
2868,8390,667551
2869,57971,3376733
2870,1073,185859
2871,35077,2754389
2872,29800,133971
2873,18209,822408
2874,11821,537551
2875,58665,3650808
2876,24305,946555
2877,4398,176642
2878,19285,164331
2879,5632,932642
2880,4476,754246
2881,29907,918879
2882,58324,3448162
2883,35015,2788656
2884,24347,842460
2885,3116,3607062
2886,1786,380533
2887,16479,152431
2888,28774,450472
2889,58112,3462449
2890,21807,764151
2891,10202,457
2892,253,674849
2893,20568,651121
2894,34058,385686
2895,8724,912550
2896,32178,497570
2897,27727,901974
2898,17388,1003839
2899,35154,2916534
2900,9797,666059
2901,10667,139553
2902,34618,2634351
2903,19531,137205
2904,6091,709639
2905,14695,34555
2906,32331,310071
2907,31999,385471
2908,35056,2805928
2909,19544,596455
2910,8120,261146
2911,22081,34434
2912,30704,548771
2913,7153,521804
2914,22086,430054
2915,90235,818401
2916,57878,3351440
2917,57162,3034695
2918,18528,139955
2919,57742,3248849
2920,57598,3217957
2921,32282,773470
2922,14230,756343
2923,27861,676478
2924,30470,459671
2925,11823,614751
2926,26448,163370
2927,223,868442
2928,588,501105
2929,18618,930965
2930,16307,215345
2931,57581,3151417
2932,28585,548472
2933,3182,594451
2934,17903,683449
2935,29745,596978
2936,90234,816304
2937,20250,258445
2938,34233,2587916
2939,35479,3010000
2940,14184,449832
2941,7909,947525
2942,15272,97943
2943,15355,484057
2944,9320,678454
2945,1517,489641
2946,58267,3716852
2947,16250,716833
2948,18094,388258
2949,30544,304173
2950,58345,3625002
2951,7910,978622
2952,16318,104542
2953,9752,720157
2954,90190,196800
2955,29685,104971
2956,57821,3284100
2957,18013,268006
2958,3327,368054
2959,16198,108746
2960,30303,29878
2961,30429,454975
2962,2359,857811
2963,15930,694146
2964,13736,1009840
2965,30585,411576
2966,12899,358448
2967,3628,656733
2968,14816,132554
2969,4187,648251
2970,11261,399357
2971,23798,423159
2972,2476,663647
2973,11242,897648
2974,30864,446877
2975,13794,720858
2976,13955,480853
2977,6803,20633
2978,28186,757779
2979,25173,776547
2980,58722,3719648
2981,12266,332224
2982,1768,936462
2983,29011,943675
2984,12206,752644
2985,26634,183770
2986,17476,548203
2987,57449,3228908
2988,15772,826648
2989,58401,3690635
2990,26511,338178
2991,256,764441
2992,57470,3219269
2993,3336,375650
2994,9003,413851
2995,19200,215354
2996,11301,481542
2997,34598,2608754
2998,445,866121
2999,30084,661072
3000,11446,837840
3001,9319,136338
3002,855,376237
3003,12203,94139
3004,16464,99143
3005,8735,644842
3006,20040,1008432
3007,327,579636
3008,8943,700458
3009,18637,147633
3010,46,113937
3011,7391,935111
3012,8056,963945
3013,8866,779351
3014,58184,3487433
3015,1125,289757
3016,17180,576608
3017,57777,3271799
3018,34519,2615190
3019,17960,74403
3020,30776,435077
3021,16539,55336
3022,26512,157379
3023,34308,2496081
3024,27510,1394621
3025,58181,3437456
3026,58402,3634394
3027,25869,534466
3028,33656,449515
3029,57488,3153233
3030,34699,2705895
3031,30099,849777
3032,1945,772754
3033,32293,367178
3034,11459,873259
3035,9889,786612
3036,17374,919456
3037,30943,773171
3038,15584,950141
3039,30133,857875
3040,3612,510938
3041,58498,3592609
3042,28865,3971
3043,28368,87579
3044,90183,888002
3045,10463,770545
3046,14017,41825
3047,4063,595270
3048,19796,822631
3049,29980,820477
3050,1040,773247
3051,2777,929932
3052,25884,223331
3053,4465,728948
3054,9737,806958
3055,3711,709143
3056,13255,669555
3057,1058,657459
3058,19628,607333
3059,4432,203043
3060,25849,977250
3061,8889,691958
3062,14843,836843
3063,10685,779016
3064,30152,994770
3065,29835,227777
3066,2616,881900
3067,21920,949305
3068,15873,895448
3069,34460,2621285
3070,35138,2820604
3071,58348,3547896
3072,30022,793571
3073,15669,522753
3074,30183,814476
3075,28637,123075
3076,5439,456054
3077,28868,279
3078,13018,913436
3079,23989,711520
3080,58818,3686928
3081,26755,821559
3082,23986,157650
3083,5249,799751
3084,13809,89854
3085,16958,302656
3086,763,604024
3087,34805,2736714
3088,57137,2963275
3089,23749,519360
3090,57101,3039636
3091,23222,742636
3092,13029,761347
3093,33661,887461
3094,21843,229913
3095,5434,575759
3096,22398,2398701
3097,33458,1872996
3098,12181,364449
3099,29578,576578
3100,30103,927077
3101,90245,951102
3102,21956,514066
3103,22460,297761
3104,1860,700140
3105,8255,613558
3106,8594,753052
3107,58757,3616309
3108,32992,1456501
3109,34221,2489805
3110,30434,332671
3111,275,330949
3112,17910,423739
3113,18429,825146
3114,9037,259442
3115,8028,807432
3116,10494,890649
3117,4931,1016231
3118,58341,3459207
3119,17411,475653
3120,1705,714437
3121,6786,1011432
3122,58772,3636259
3123,90253,97804
3124,9502,722227
3125,58619,3482111
3126,19525,542667
3127,15523,765662
3128,22826,212465
3129,23546,460332
3130,25726,855563
3131,10860,478140
3132,29755,121679
3133,28302,235174
3134,32325,786274
3135,27716,809070
3136,29988,636276
3137,29999,729570
3138,27742,841472
3139,27744,810777
3140,26395,154770
3141,34603,2757205
3142,58590,3635029
3143,57784,3285778
3144,29677,343770
3145,33959,2233875
3146,57160,2809373
3147,3289,792659
3148,57764,3275939
3149,14266,775456
3150,18734,502111
3151,16752,760340
3152,32612,99376
3153,10044,722544
3154,3214,322056
3155,34710,2729677
3156,27026,664653
3157,4032,39756
3158,59052,4210227
3159,35014,2747587
3160,7230,702117
3161,5331,881544
3162,58724,3614846
3163,16516,514057
3164,9819,911759
3165,13696,70955
3166,8322,412153
3167,34811,2667957
3168,26483,339773
3169,34548,2333140
3170,18885,705556
3171,16247,503640
3172,2482,791942
3173,28085,840578
3174,22669,400767
3175,8506,234841
3176,31257,294676
3177,29173,646873
3178,8108,392152
3179,14546,1014657
3180,32306,918776
3181,35597,2917184
3182,58857,3816154
3183,1931,165758
3184,34726,2649122
3185,35151,2833882
3186,23086,300063
3187,34890,2736451
3188,34860,2754222
3189,7659,331713
3190,16022,694904
3191,58203,3472859
3192,90251,67209
3193,14646,632410
3194,3183,938859
3195,29089,894272
3196,29510,321273
3197,18199,507509
3198,29209,652874
3199,7900,18827
3200,57038,2941068
3201,4652,789051
3202,58657,3832127
3203,58196,3388165
3204,58111,3385744
3205,29532,285777
3206,3368,958763
3207,23244,258146
3208,27560,1402384
3209,34836,2631846
3210,29708,211271
3211,31109,809678
3212,90258,528102
3213,26567,931270
3214,17241,565536
3215,30656,482370
3216,18355,490450
3217,90259,527600
3218,34662,2769954
3219,8850,126553
3220,26484,161273
3221,28679,376273
3222,27683,775773
3223,29449,375379
3224,16733,750051
3225,35519,2915461
3226,18710,350750
3227,2284,783910
3228,57082,2938198
3229,19690,468806
3230,16659,689357
3231,29147,823478
3232,15771,888833
3233,13381,651158
3234,18384,442244
3235,18266,900306
3236,58224,3435948
3237,13784,289056
3238,10196,374354
3239,15242,625757
3240,15286,188056
3241,19589,774253
3242,28710,28013
3243,14140,520003
3244,27119,1161216
3245,34953,2737980
3246,33216,1718188
3247,57994,3370384
3248,34416,2533119
3249,57097,2958972
3250,34407,2562137
3251,10956,16551
3252,14240,30502
3253,28178,1002878
3254,32647,1387605
3255,58752,3678857
3256,15830,901741
3257,20666,685649
3258,18229,545604
3259,2468,153054
3260,13411,274548
3261,9746,207555
3262,57093,3017081
3263,1415,284752
3264,17658,289702
3265,26555,1013070
3266,8094,253646
3267,29875,1012671
3268,16438,893640
3269,8295,955940
3270,20226,12937
3271,35333,2857600
3272,8355,661858
3273,33457,1864197
3274,58827,3816190
3275,11300,332345
3276,58115,3374412
3277,13030,37051
3278,10334,960560
3279,58783,3720608
3280,24156,663834
3281,28359,85472
3282,30111,853671
3283,18143,573036
3284,14574,876157
3285,58231,3447772
3286,10111,761543
3287,4067,159953
3288,18856,284154
3289,22855,709956
3290,5994,905356
3291,15611,285759
3292,13416,324256
3293,58504,3610718
3294,27599,1401387
3295,35303,2839053
3296,8252,2785646
3297,3832,208244
3298,58314,3404207
3299,3603,936136
3300,28599,550279
3301,8871,854548
3302,34171,2391588
3303,6078,95051
3304,58811,3807880
3305,57901,3296859
3306,23966,935308
3307,10380,248745
3308,57944,3357219
3309,30182,685676
3310,58699,3689385
3311,35430,2953418
3312,57408,3202702
3313,33806,2047504
3314,12944,176101
3315,57373,3125557
3316,22334,247140
3317,23007,160360
3318,31469,245276
3319,12614,667757
3320,28866,2376
3321,1388,845452
3322,713,342410
3323,1008,382742
3324,1837,948643
3325,27989,725077
3326,27955,474777
3327,13112,38740
3328,9672,492810
3329,9719,448040
3330,9260,647432
3331,57034,2938769
3332,1654,882952
3333,28277,1016174
3334,58234,3546862
3335,57463,3212402
3336,34252,2451240
3337,34585,2643595
3338,58415,3490871
3339,34089,2360904
3340,34940,2717012
3341,26299,577137
3342,32172,431172
3343,57740,3293540
3344,57872,3303944
3345,24045,494261
3346,17563,277820
3347,13990,90047
3348,34108,2343167
3349,24763,1013856
3350,18001,88240
3351,29676,102874
3352,58030,3368635
3353,57874,3288452
3354,57884,3308574
3355,26218,200640
3356,13054,518354
3357,34038,2316714
3358,8851,286457
3359,19381,480059
3360,34888,2764212
3361,58796,3688043
3362,19008,1001639
3363,15729,335346
3364,58588,3655933
3365,12513,114149
3366,10007,284248
3367,14134,300009
3368,57497,729310
3369,1992,73554
3370,57416,3120646
3371,33928,2236821
3372,58133,3437166
3373,18019,297051
3374,12609,85931
3375,24303,500658
3376,9313,148715
3377,14522,188449
3378,15995,24006
3379,57923,3348468
3380,11035,236706
3381,18132,723868
3382,35005,2760102
3383,29582,515979
3384,58483,3465392
3385,6176,370020
3386,30401,328777
3387,30119,805876
3388,7613,212018
3389,90208,635907
3390,22756,942539
3391,34685,2661861
3392,34146,2396592
3393,12773,984379
3394,27334,613307
3395,58597,3548763
3396,19788,819855
3397,16265,998844
3398,1562,519445
3399,5956,220527
3400,14636,723756
3401,14692,968249
3402,2320,539452
3403,9489,148238
3404,27398,1293078
3405,6158,455972
3406,12230,948250
3407,9328,923257
3408,9366,70638
3409,57058,2939391
3410,9882,278153
3411,6544,577128
3412,15216,715032
3413,25795,109136
3414,17320,922344
3415,8903,909055
3416,1475,28732
3417,8129,282048
3418,12438,857147
3419,8117,814711
3420,2331,243955
3421,1365,153353
3422,58172,3335301
3423,20281,746513
3424,23090,8033
3425,5347,456157
3426,16970,995517
3427,22537,60330
3428,12226,941541
3429,26941,639857
3430,34517,2614344
3431,21692,717232
3432,1730,320034
3433,18566,821036
3434,19105,418436
3435,35604,2967796
3436,15792,915056
3437,4945,277736
3438,15415,223452
3439,29523,568470
3440,22394,784159
3441,829,947628
3442,30065,654579
3443,70,42037
3444,8785,129910
3445,29703,210779
3446,30688,363778
3447,27233,1188987
3448,3809,375043
3449,926,823133
3450,29813,605571
3451,5818,679246
3452,14868,136048
3453,34973,2732565
3454,225,868844
3455,16363,1013744
3456,15264,242257
3457,7514,278818
3458,6659,431323
3459,15939,660066
3460,17138,991854
3461,26911,173548
3462,12814,262844
3463,13196,238250
3464,17685,43351
3465,10345,586960
3466,18569,340144
3467,10075,33839
3468,10719,530851
3469,15165,262956
3470,1100,786555
3471,10250,713252
3472,8840,192651
3473,17174,838155
3474,13113,67142
3475,11351,591740
3476,14168,463605
3477,90213,613400
3478,13879,556815
3479,21292,518037
3480,57569,3282012
3481,1413,344852
3482,28934,712273
3483,17089,212335
3484,29384,305077
3485,10829,602543
3486,35084,2769570
3487,18841,342054
3488,41,432432
3489,5722,667346
3490,29995,824671
3491,31089,884376
3492,27619,864471
3493,5628,173342
3494,26379,880332
3495,17782,643658
3496,26590,61476
3497,16891,911160
3498,27045,318835
3499,9100,585749
3500,13652,761459
3501,12193,729459
3502,10194,729057
3503,15699,6039
3504,35583,2925666
3505,252,365745
3506,14065,366238
3507,58297,3455227
3508,10634,913856
3509,20231,867650
3510,29548,288376
3511,58186,3383599
3512,2232,561659
3513,22355,417710
3514,19540,300942
3515,27872,606176
3516,10734,508841
3517,6913,41629
3518,5193,920854
3519,15562,65559
3520,58577,3595637
3521,57849,3303953
3522,2448,294827
3523,29517,445674
3524,20741,237619
3525,11726,861742
3526,19827,852973
3527,17443,591209
3528,1678,593052
3529,17739,972862
3530,17491,637451
3531,10072,132938
3532,8235,972648
3533,34254,2497181
3534,9064,300933
3535,19800,89032
3536,58511,3538009
3537,9818,45056
3538,5442,580155
3539,34211,2465881
3540,14869,701259
3541,8350,735656
3542,23275,670467
3543,57083,3049729
3544,26687,483537
3545,6384,817824
3546,234,402846
3547,3389,844567
3548,25127,654252
3549,3031,444556
3550,13600,292467
3551,31189,897170
3552,4526,953843
3553,22185,646958
3554,57903,3232204
3555,34967,2736291
3556,27385,1225798
3557,34760,2668598
3558,10012,12647
3559,18302,856869
3560,6863,31826
3561,4775,48057
3562,34526,2598396
3563,57453,3097243
3564,27362,1222948
3565,8207,960551
3566,10628,252452
3567,34900,2811086
3568,33539,1918344
3569,32265,203070
3570,34849,2687133
3571,12493,860259
3572,34384,2539960
3573,21714,33259
3574,33204,1481745
3575,27118,1160509
3576,33202,1481754
3577,34837,2692753
3578,15799,597546
3579,57098,3028902
3580,5295,907547
3581,13729,469250
3582,32363,538473
3583,58325,3398100
3584,59086,4845861
3585,57920,3309571
3586,58804,3660478
3587,58694,3690701
3588,10971,909756
3589,8101,671147
3590,17892,209830
3591,5694,1011638
3592,16900,670748
3593,34507,2654911
3594,10191,787459
3595,33818,2059990
3596,21906,956938
3597,10178,24659
3598,58862,3816510
3599,28155,672573
3600,1905,865450
3601,58719,3690596
3602,22139,1007154
3603,24443,675855
3604,31488,143372
3605,32021,535874
3606,8536,751254
3607,3722,738143
3608,16835,664756
3609,58189,3438060
3610,1643,704755
3611,58239,3404506
3612,57754,3280625
3613,58560,3597677
3614,12010,204004
3615,30879,631570
3616,8813,169327
3617,30011,641775
3618,32957,1416279
3619,444,597313
3620,28611,490179
3621,58079,3393851
3622,18240,223005
3623,15243,417626
3624,22895,382658
3625,29120,713476
3626,7714,852713
3627,33867,2142155
3628,21848,507152
3629,35497,815277
3630,34110,2354387
3631,28776,634973
3632,2138,960935
3633,15629,592550
3634,57807,3340725
3635,58935,3821037
3636,23364,877369
3637,22138,514936
3638,245,102342
3639,32551,264772
3640,3914,987352
3641,25803,733661
3642,10969,172251
3643,5072,355559
3644,10438,749943
3645,28266,768476
3646,33893,2193616
3647,30447,518176
3648,16075,900034
3649,26342,3783948
3650,15399,945053
3651,26620,1008674
3652,9300,287342
3653,34980,2743244
3654,15820,1005655
3655,1386,799359
3656,24074,933863
3657,58826,3591004
3658,57610,3247589
3659,58574,3650563
3660,4160,309655
3661,18385,579140
3662,12368,233031
3663,16221,108951
3664,35123,2769589
3665,58602,3596250
3666,30117,743679
3667,9299,466044
3668,58366,3415463
3669,19371,49241
3670,12437,749242
3671,27332,1216321
3672,27286,1198605
3673,23627,316840
3674,58271,3596894
3675,19333,671334
3676,22618,316354
3677,58317,3461264
3678,34803,2716088
3679,3701,235530
3680,58640,3610567
3681,10080,934646
3682,16032,195111
3683,15092,331544
3684,1675,83852
3685,11817,40033
3686,16026,859712
3687,25886,956750
3688,28315,256076
3689,14995,279842
3690,58255,3437157
3691,34304,2518497
3692,58289,3445901
3693,18983,253468
3694,26703,396244
3695,16840,955753
3696,14749,639343
3697,19772,163549
3698,58276,3451050
3699,31711,29476
3700,58322,3438958
3701,6662,371223
3702,8234,573335
3703,58106,3374234
3704,9935,474450
3705,93,977045
3706,7598,757612
3707,29922,921178
3708,15035,855143
3709,27932,685779
3710,28314,247476
3711,15442,803265
3712,39,430036
3713,16609,649632
3714,1787,679648
3715,33542,1914421
3716,57927,3303917
3717,16193,235316
3718,28369,95677
3719,9712,613008
3720,32745,1439456
3721,24334,24453
3722,20310,663058
3723,3019,249658
3724,9120,1012457
3725,15575,533740
3726,15334,882242
3727,17797,837608
3728,15969,425108
3729,1098,309851
3730,29613,86675
3731,28567,324274
3732,19358,665865
3733,5271,836852
3734,9102,297547
3735,28471,472979
3736,13454,532042
3737,19512,501459
3738,58816,3835454
3739,28068,649874
3740,12017,148809
3741,2229,550952
3742,11411,884657
3743,9265,49148
3744,11124,936426
3745,58372,3481703
3746,8141,125855
3747,17743,339607
3748,26876,918918
3749,25621,448554
3750,12086,363442
3751,16170,1002355
3752,27824,670878
3753,23296,618807
3754,18467,821906
3755,58177,3394278
3756,28208,945071
3757,11352,595944
3758,17953,806220
3759,13892,987259
3760,4865,506922
3761,17115,111205
3762,27043,336361
3763,57425,3122994
3764,57591,3235410
3765,29950,722777
3766,27290,1211371
3767,8942,992851
3768,35131,2797162
3769,5753,597041
3770,14619,647414
3771,26455,1002373
3772,57978,3346268
3773,13735,588348
3774,15912,626101
3775,8011,146663
3776,18030,598002
3777,18214,480808
3778,58641,3685396
3779,16039,605610
3780,22221,403106
3781,57103,2970657
3782,10344,583268
3783,30072,657178
3784,22946,716413
3785,8491,443634
3786,29910,735973
3787,14026,711753
3788,57428,3194638
3789,131,34537
3790,90268,418100
3791,58328,3487518
3792,35139,2838207
3793,21342,62044
3794,29627,460275
3795,16395,741648
3796,13408,641355
3797,10015,20053
3798,2391,497851
3799,4178,516855
3800,5424,566056
3801,15324,1001059
3802,8121,835613
3803,9172,118156
3804,9881,19356
3805,10984,295057
3806,15731,435666
3807,4705,1009354
3808,15347,382854
3809,26520,897853
3810,18033,956358
3811,1604,950758
3812,27723,218878
3813,31381,406778
3814,31100,763677
3815,31592,558574
3816,28894,32971
3817,31146,631178
3818,14222,450959
3819,5415,276850
3820,31966,529172
3821,11519,693952
3822,432,422657
3823,14639,210452
3824,3845,151546
3825,19213,844053
3826,34394,2529176
3827,14208,616540
3828,28925,708379
3829,15734,811747
3830,11907,389358
3831,235,425845
3832,1497,839068
3833,485,435255
3834,16448,270652
3835,13232,111979
3836,9036,43052
3837,12592,955959
3838,15839,750846
3839,421,58551
3840,18374,319551
3841,18448,527749
3842,15738,306140
3843,15809,247355
3844,16656,267652
3845,17733,942258
3846,10175,950356
3847,15597,984454
3848,10163,990053
3849,8980,52951
3850,10982,814355
3851,18378,211851
3852,9773,868059
3853,8642,251857
3854,968,363648
3855,35388,2973386
3856,58563,3567269
3857,35465,2913887
3858,15101,203052
3859,35109,955548
3860,29496,276074
3861,8546,746157
3862,57993,3348888
3863,58651,3625664
3864,32367,411473
3865,10318,982937
3866,30154,678070
3867,4236,300353
3868,28793,164377
3869,11702,235446
3870,32135,552974
3871,14911,896155
3872,10169,198251
3873,1612,887854
3874,33188,1494914
3875,34253,2539081
3876,4832,933023
3877,11764,598543
3878,12722,1002458
3879,29379,304575
3880,17232,648345
3881,57053,2942690
3882,58264,3437483
3883,89,3350724
3884,58103,3390627
3885,57269,3076604
3886,14178,552956
3887,24735,802866
3888,15323,326054
3889,27330,1216826
3890,17587,844138
3891,3890,663245
3892,10693,724230
3893,23270,472951
3894,4766,412555
3895,19532,401906
3896,6861,90328
3897,8507,481748
3898,27686,213471
3899,31994,568377
3900,5623,676049
3901,25744,663656
3902,35112,2804864
3903,58463,3532641
3904,4196,394156
3905,58534,3397233
3906,232,185448
3907,16971,612159
3908,13297,722816
3909,28778,159971
3910,11112,212522
3911,6700,411624
3912,57968,3325759
3913,402,534756
3914,57095,3047659
3915,33183,1494482
3916,57451,429487
3917,58689,3637247
3918,35241,2794732
3919,5854,473042
3920,19536,18135
3921,16707,74056
3922,16283,706030
3923,32532,995571
3924,20198,767732
3925,19755,135836
3926,23144,616036
3927,9099,75446
3928,17690,807946
3929,90303,772008
3930,13425,540926
3931,17348,542340
3932,2124,165039
3933,57348,3110197
3934,19819,563934
3935,5685,210238
3936,1528,852544
3937,16288,307334
3938,28332,272272
3939,58143,3353266
3940,15359,717924
3941,34847,2793593
3942,35295,2849801
3943,20698,935559
3944,29749,352370
3945,35229,2847085
3946,58357,3531176
3947,5019,822042
3948,58558,3629420
3949,57897,3316739
3950,30433,455477
3951,58088,3386536
3952,18297,361167
3953,12299,171768
3954,13919,521158
3955,16652,561864
3956,4076,1014059
3957,12258,206156
3958,2147,699534
3959,22876,760854
3960,4801,499855
3961,34319,2625724
3962,4735,276159
3963,17598,899736
3964,26708,426057
3965,5786,871648
3966,30076,845573
3967,22327,260868
3968,4048,142955
3969,16908,397858
3970,30987,746979
3971,58780,3721605
3972,58668,3368925
3973,22526,457060
3974,34386,2607412
3975,12087,452841
3976,58892,3804535
3977,8772,197142
3978,16379,565152
3979,4419,93543
3980,15460,409265
3981,30431,277277
3982,29858,995674
3983,29804,420578
3984,17259,115146
3985,27052,428547
3986,11002,692450
3987,1903,854753
3988,8898,173557
3989,8534,885430
3990,58018,3354599
3991,18937,856159
3992,18227,113003
3993,27757,811279
3994,27506,1390324
3995,10916,357151
3996,5478,382256
3997,5095,715050
3998,27235,547840
3999,33758,2009605
4000,58952,3843392
4001,22971,285348
4002,15186,926342
4003,35169,2791517
4004,15503,231149
4005,16151,651149
4006,34441,2602828
4007,861,386731
4008,15651,229342
4009,17169,485139
4010,8878,736448
4011,2057,675659
4012,10383,2631172
4013,2945,479071
4014,14994,380654
4015,33508,1897270
4016,1383,145750
4017,17062,272058
4018,10855,439730
4019,9121,1014554
4020,25260,856944
4021,14061,225241
4022,16583,21256
4023,1556,750444
4024,11311,246237
4025,8197,401951
4026,8858,112556
4027,11686,258539
4028,12331,120542
4029,872,333034
4030,12444,116358
4031,8323,1008450
4032,15091,525549
4033,1401,283157
4034,5740,45038
4035,15463,621357
4036,9659,792453
4037,18145,403656
4038,16561,379050
4039,8541,723158
4040,10434,937339
4041,8199,80552
4042,11671,879336
4043,33682,95716
4044,33664,217237
4045,23998,779968
4046,10820,944935
4047,10200,1014255
4048,9351,912756
4049,16477,678258
4050,12396,490535
4051,8190,916259
4052,1833,345747
4053,18525,2554
4054,14561,50144
4055,10623,565844
4056,13582,783349
4057,9735,874452
4058,9529,228345
4059,10644,218850
4060,14960,159645
4061,12391,575647
4062,13931,534242
4063,14069,926650
4064,17964,656470
4065,26358,293754
4066,5730,362940
4067,9822,660253
4068,16906,205458
4069,27074,1157415
4070,5744,595430
4071,12386,535940
4072,15308,200042
4073,12706,266244
4074,8827,808354
4075,19689,270148
4076,5820,808345
4077,34617,2590037
4078,5995,102155
4079,5490,581358
4080,248,762045
4081,14773,792640
4082,8162,22543
4083,8513,286840
4084,14857,352745
4085,14,35301
4086,58127,3371309
4087,10160,1011656
4088,10988,141556
4089,9336,208459
4090,6195,628356
4091,57813,3284490
4092,32232,979375
4093,27664,867070
4094,30337,125471
4095,17863,144155
4096,12936,929802
4097,57358,3076220
4098,57311,3076248
4099,33785,2713920
4100,9263,407645
4101,15440,1009055
4102,258,317342
4103,16191,651859
4104,12285,284556
4105,358,667252
4106,8321,982553
4107,14864,818652
4108,17431,913146
4109,26559,954279
4110,26513,164975
4111,17922,890957
4112,30357,142179
4113,4091,278555
4114,4204,521952
4115,59112,5205819
4116,28788,391977
4117,28593,366078
4118,10127,179148
4119,18028,92706
4120,27054,925411
4121,57706,3243282
4122,23864,351560
4123,1627,3386983
4124,58786,3696936
4125,34102,2372774
4126,25054,78559
4127,32203,561574
4128,57954,3343146
4129,58728,3750650
4130,1169,94755
4131,18780,412667
4132,4767,474759
4133,16825,100236
4134,28805,516873
4135,58029,3370133
4136,15847,354253
4137,18561,860053
4138,35043,2756767
4139,18600,477639
4140,34643,2791085
4141,867,675332
4142,20164,140362
4143,5058,245557
4144,28790,575375
4145,33026,374774
4146,34209,2483120
4147,8421,556011
4148,5962,110413
4149,12865,973252
4150,9615,253730
4151,11423,924843
4152,27314,1216022
4153,34978,2748502
4154,873,395238
4155,29143,717670
4156,57703,3284445
4157,16394,411549
4158,58300,3446225
4159,178,577230
4160,29061,800479
4161,15590,831941
4162,32348,258379
4163,23498,766164
4164,29331,67870
4165,28330,266271
4166,34535,2687487
4167,33947,2121196
4168,18409,497404
4169,30395,389376
4170,18216,857455
4171,969,366247
4172,30615,415770
4173,59101,5047505
4174,20720,479839
4175,8533,134455
4176,26442,238737
4177,17736,697147
4178,30836,564977
4179,11708,134848
4180,58671,3640359
4181,3302,809650
4182,58450,3485215
4183,19559,232856
4184,21074,414764
4185,17842,949154
4186,26967,297257
4187,57922,3297490
4188,34383,2618780
4189,11159,579364
4190,58319,3440830
4191,24563,528960
4192,20099,822556
4193,26738,656658
4194,23799,473266
4195,15300,655660
4196,3206,514655
4197,11903,702359
4198,3161,824653
4199,58932,3806481
4200,34014,1435092
4201,3337,497954
4202,26181,739355
4203,26906,380458
4204,3400,735067
4205,58739,3619216
4206,5567,274164
4207,18698,748964
4208,19693,256049
4209,57704,3211937
4210,11475,157155
4211,660,645317
4212,17652,359650
4213,2312,287856
4214,22942,764067
4215,23474,599764
4216,10663,27614
4217,3759,855844
4218,14523,91615
4219,737,213912
4220,3601,672238
4221,10906,997155
4222,17759,112510
4223,35444,2858960
4224,26522,333650
4225,34409,2505460
4226,58249,3415454
4227,1184,623454
4228,9369,879644
4229,59104,5082382
4230,352,222558
4231,11862,137456
4232,30350,133579
4233,21635,308836
4234,2455,517441
4235,15759,809856
4236,90175,853804
4237,10828,141341
4238,13292,165806
4239,14491,667524
4240,15671,3720
4241,57022,2948423
4242,1374,103134
4243,18059,324863
4244,8810,885225
4245,17244,651756
4246,33646,1751420
4247,5686,610539
4248,1039,219343
4249,1607,10250
4250,9377,892250
4251,10308,466754
4252,6128,353724
4253,898,642437
4254,16820,628123
4255,8564,956554
4256,21591,214106
4257,21606,183668
4258,11310,835444
4259,8232,835743
4260,9661,871358
4261,13960,848453
4262,34457,2577739
4263,15228,380944
4264,11526,883959
4265,9245,944739
4266,90384,734613
4267,2300,940021
4268,9507,858528
4269,33851,2123930
4270,1617,330855
4271,6180,849432
4272,10378,797140
4273,639,541101
4274,23472,398668
4275,1655,880855
4276,10597,1003950
4277,58513,3595271
4278,23099,531157
4279,845,722432
4280,58581,3548567
4281,18942,678052
4282,889,260831
4283,26912,246022
4284,11580,610128
4285,10635,384353
4286,21031,273336
4287,1868,54058
4288,25703,401755
4289,17280,768953
4290,51,382537
4291,1086,625850
4292,2375,505831
4293,2317,59754
4294,4146,829050
4295,26677,859655
4296,27219,1187551
4297,12432,1000856
4298,17410,1008151
4299,16402,1016259
4300,14316,208347
4301,27503,1396764
4302,1847,443148
4303,8672,755421
4304,3799,720746
4305,3109,101952
4306,28837,580874
4307,3113,227357
4308,28663,559179
4309,11866,765019
4310,11916,53051
4311,12223,719656
4312,4255,593007
4313,16757,398248
4314,6985,161602
4315,23287,664206
4316,34562,2594240
4317,15708,646145
4318,8774,982142
4319,4181,459354
4320,12633,853952
4321,24272,675051
4322,26847,304520
4323,28157,815772
4324,9306,617145
4325,16369,374130
4326,22358,571135
4327,17211,856748
4328,10520,962313
4329,15932,898627
4330,15934,809539
4331,1164,961259
4332,10266,1010015
4333,11491,710859
4334,16275,278733
4335,12457,699253
4336,4084,172457
4337,5600,438434
4338,34229,2505451
4339,18418,869524
4340,12204,29636
4341,11295,268136
4342,15270,290838
4343,19674,639633
4344,52,293437
4345,4511,424240
4346,4678,991555
4347,6531,738013
4348,14820,855303
4349,3255,184656
4350,2753,641449
4351,6638,685023
4352,4993,69333
4353,5223,877752
4354,14731,774235
4355,2725,410917
4356,6732,386825
4357,17672,273550
4358,14269,572459
4359,419,919755
4360,15261,937759
4361,15111,858854
4362,15254,442057
4363,8632,688453
4364,9658,924254
4365,16187,659453
4366,8183,356752
4367,1779,98351
4368,884,960533
4369,11463,385547
4370,4132,294751
4371,3144,799854
4372,3814,298245
4373,5518,714165
4374,5544,596062
4375,5548,181963
4376,17607,738657
4377,15826,452739
4378,10845,623548
4379,12201,12142
4380,4439,773443
4381,1141,285151
4382,27244,1189993
4383,58279,3433047
4384,9139,189129
4385,19595,491653
4386,14642,349129
4387,9356,700430
4388,175,469737
4389,10137,812614
4390,17975,522034
4391,3110,42354
4392,34666,2621940
4393,5981,729011
4394,58517,3479018
4395,20279,706254
4396,12591,72258
4397,2102,631422
4398,26922,714978
4399,9374,107459
4400,12980,560214
4401,9388,312356
4402,2281,846619
4403,28063,835079
4404,12298,370954
4405,13341,362717
4406,17589,1011852
4407,5033,47247
4408,7025,236603
4409,15305,869551
4410,12425,981350
4411,9888,56717
4412,17959,63050
4413,11891,753856
4414,16125,775054
4415,13206,804815
4416,13104,16748
4417,7493,425911
4418,28614,336576
4419,29966,910079
4420,12611,372538
4421,10672,316859
4422,54,672537
4423,16094,362043
4424,14556,534859
4425,2068,520423
4426,3792,640246
4427,1829,503547
4428,3193,441050
4429,4748,458553
4430,16216,677644
4431,1480,70058
4432,1745,291732
4433,15779,574949
4434,8640,954158
4435,5969,214414
4436,1843,629746
4437,10280,760210
4438,4097,73152
4439,3821,513546
4440,13999,425050
4441,1696,901938
4442,14894,485214
4443,5709,11837
4444,4054,998657
4445,769,58225
4446,6813,188720
4447,12163,265340
4448,11319,830645
4449,5885,105026
4450,12828,423449
4451,3732,933041
4452,6540,680813
4453,2740,785147
4454,7875,119528
4455,2754,575348
4456,2769,183846
4457,2290,457220
4458,13883,801056
4459,16941,72351
4460,14991,370721
4461,15258,863652
4462,15853,652959
4463,17632,976954
4464,404,647759
4465,8503,944748
4466,11747,481944
4467,18120,138051
4468,17629,1017854
4469,10407,621151
4470,18101,14753
4471,1867,278256
4472,6084,496957
4473,13033,879747
4474,15164,615851
4475,6923,976226
4476,6762,488420
4477,35518,2806877
4478,11507,584920
4479,11868,1007819
4480,10920,638850
4481,2832,257233
4482,16082,696551
4483,22918,223322
4484,3818,303747
4485,5336,143952
4486,3133,871956
4487,58307,3466988
4488,1165,918150
4489,15214,538222
4490,14355,230423
4491,2721,511618
4492,3745,459644
4493,4222,353957
4494,3301,629353
4495,3817,388940
4496,3840,137447
4497,4086,114457
4498,5062,251558
4499,2779,670430
4500,4062,154154
4501,5285,207845
4502,4050,145554
4503,4148,837158
4504,4170,634955
4505,4218,288358
4506,14534,45047
4507,14853,794653
4508,14674,656032
4509,14761,614948
4510,4638,677354
4511,3149,767152
4512,4444,214843
4513,14095,442655
4514,26260,17259
4515,4016,326858
4516,14924,126740
4517,3749,353546
4518,14584,474058
4519,6442,188917
4520,3067,340751
4521,12365,990642
4522,3075,362155
4523,3078,366359
4524,3599,593333
4525,3079,138257
4526,3600,604033
4527,3761,858443
4528,5087,392255
4529,3087,160454
4530,5337,627854
4531,3091,18050
4532,3607,368933
4533,3095,28255
4534,6528,243414
4535,3099,91754
4536,4630,1011553
4537,5093,363657
4538,6530,735414
4539,2682,798512
4540,3770,207041
4541,2786,465337
4542,5105,108652
4543,3777,209148
4544,5115,280558
4545,5117,311658
4546,4071,61953
4547,6574,935719
4548,4654,636753
4549,2794,496434
4550,7031,241009
4551,3179,651952
4552,3184,665258
4553,5136,970055
4554,6464,609010
4555,2273,450669
4556,3190,379153
4557,5142,938354
4558,3018,306056
4559,4098,185251
4560,3197,393252
4561,3864,397540
4562,3985,288152
4563,6592,505916
4564,5150,975452
4565,3218,445955
4566,4672,743053
4567,5410,3252
4568,3228,329952
4569,2695,610913
4570,7085,917500
4571,2804,112332
4572,5297,742944
4573,4683,931458
4574,3248,173959
4575,5162,23456
4576,4123,816256
4577,4690,870856
4578,3268,849357
4579,3029,276551
4580,4697,754853
4581,11252,379649
4582,2698,620015
4583,4290,622037
4584,5422,563457
4585,3281,608451
4586,3688,824738
4587,3034,513256
4588,3896,799948
4589,2260,745570
4590,5180,986551
4591,4134,296858
4592,3303,811457
4593,3807,370347
4594,3305,630658
4595,7072,837000
4596,4722,132451
4597,2708,719610
4598,4951,290230
4599,4477,818540
4600,6637,44929
4601,3330,895055
4602,20081,231336
4603,5196,988256
4604,3339,500256
4605,4952,87234
4606,5198,924357
4607,4364,44040
4608,3351,108269
4609,5214,706058
4610,3579,61832
4611,4598,827355
4612,5218,782351
4613,3826,333940
4614,4958,966731
4615,6280,177500
4616,5221,726458
4617,3719,856243
4618,3377,1014965
4619,6671,571920
4620,5358,34452
4621,4177,639651
4622,6787,719030
4623,4494,343248
4624,5232,731957
4625,3401,644963
4626,3830,421445
4627,5364,956255
4628,2767,173641
4629,3834,122546
4630,4769,414652
4631,4770,195157
4632,5529,342362
4633,5531,591366
4634,17093,794336
4635,3837,246947
4636,4774,197254
4637,5074,381950
4638,5536,458665
4639,5538,411062
4640,4199,319458
4641,6706,553926
4642,4779,543459
4643,5546,467265
4644,5557,193162
4645,5559,479567
4646,5076,292850
4647,5270,837354
4648,6725,263627
4649,2160,31134
4650,6805,917630
4651,5590,501767
4652,3897,988845
4653,4752,460350
4654,4041,49951
4655,14361,627425
4656,10503,275657
4657,5835,394259
4658,9973,736662
4659,2301,141350
4660,12315,801654
4661,17884,997052
4662,11175,305059
4663,17588,888552
4664,15899,9955
4665,12098,630041
4666,17661,864855
4667,1982,615253
4668,11527,644057
4669,15469,471057
4670,8191,818559
4671,9769,760957
4672,11013,686758
4673,10831,193649
4674,34217,2385514
4675,17513,739832
4676,13209,830113
4677,5768,145844
4678,15904,7634
4679,13450,843953
4680,57184,3019982
4681,13130,427241
4682,8074,465243
4683,16472,999355
4684,2285,504311
4685,2154,305237
4686,899,663638
4687,10467,557438
4688,27567,508270
4689,10236,821157
4690,17114,745150
4691,3232,272151
4692,11953,718538
4693,13983,560830
4694,14863,557317
4695,11623,576644
4696,18194,831008
4697,11259,502559
4698,17451,747257
4699,15606,723550
4700,14920,887827
4701,24015,533124
4702,20993,526854
4703,28080,653778
4704,9030,104234
4705,9079,800134
4706,3677,940731
4707,26189,17110
4708,17403,861153
4709,15384,896427
4710,193,507330
4711,19809,96553
4712,16370,892223
4713,9274,419947
4714,18858,230610
4715,29695,468673
4716,14225,696645
4717,29571,296474
4718,963,60545
4719,57540,3217331
4720,15345,77253
4721,7526,465618
4722,12585,877958
4723,4693,998358
4724,6560,12311
4725,4241,237954
4726,14907,504647
4727,11317,233442
4728,3275,924058
4729,2244,785857
4730,11445,703039
4731,7614,215710
4732,10505,287959
4733,1865,582654
4734,3279,979759
4735,15194,5751
4736,11860,1017425
4737,12195,834755
4738,3292,623052
4739,22835,82350
4740,35422,2855978
4741,3693,480330
4742,3384,1669
4743,29857,987576
4744,13712,857745
4745,2750,553944
4746,3808,372444
4747,17395,125958
4748,90227,923707
4749,7586,501815
4750,12135,136655
4751,14952,796657
4752,7151,323204
4753,15604,142656
4754,15501,830252
4755,14644,906241
4756,9860,513920
4757,8576,441359
4758,4728,167752
4759,35394,2881445
4760,314,741956
4761,12231,867258
4762,183,784430
4763,107,691042
4764,8259,963954
4765,6605,701222
4766,16167,533227
4767,13716,177920
4768,4739,576653
4769,16101,258306
4770,5141,43856
4771,10928,255350
4772,58764,3821626
4773,14036,309150
4774,13787,491251
4775,292,266945
4776,3210,253356
4777,1143,680354
4778,3358,770068
4779,32907,1826382
4780,9438,274025
4781,10678,141211
4782,35161,2819242
4783,10101,944047
4784,6728,290922
4785,17603,488653
4786,6821,754929
4787,7018,234506
4788,33860,2132941
4789,7590,977616
4790,6275,173306
4791,21329,406059
4792,2093,791821
4793,2608,863607
4794,2496,1008209
4795,7128,313401
4796,7646,144913
4797,13603,331553
4798,13305,305442
4799,9757,768252
4800,8904,770657
4801,16030,166111
4802,8063,947749
4803,9457,615217
4804,10187,75455
4805,913,210434
4806,7666,70414
4807,57559,3218280
4808,384,498317
4809,3827,411240
4810,10255,564324
4811,6892,186221
4812,13697,396356
4813,9137,313223
4814,8403,443625
4815,3376,780263
4816,16664,285740
4817,19608,403946
4818,6653,489623
4819,9440,389826
4820,4173,454658
4821,12485,455150
4822,13006,396954
4823,19978,828110
4824,16603,446149
4825,1566,76443
4826,15871,593249
4827,16968,285928
4828,389,378110
4829,12531,712648
4830,5847,271341
4831,5779,7045
4832,16152,611031
4833,1147,530655
4834,6110,591357
4835,17073,575133
4836,12885,750127
4837,13220,702911
4838,170,272030
4839,9614,470434
4840,340,870539
4841,15046,420644
4842,4059,942454
4843,6649,484927
4844,30889,943273
4845,9439,287922
4846,29975,819172
4847,16744,741358
4848,14113,454546
4849,11722,326344
4850,3388,8462
4851,5317,257345
4852,35075,2796277
4853,58374,3489035
4854,9526,674344
4855,27847,643274
4856,18089,300456
4857,34599,2649177
4858,26393,1000276
4859,18118,302553
4860,847,8631
4861,11952,851239
4862,16483,808448
4863,14999,779641
4864,8698,937740
4865,17205,736158
4866,90141,375502
4867,12594,106452
4868,6990,287007
4869,8816,429021
4870,2228,548052
4871,9865,148920
4872,12978,150727
4873,4318,319047
4874,16120,532752
4875,1213,33268
4876,8762,180144
4877,2723,472018
4878,16185,472531
4879,5520,521064
4880,13216,578116
4881,90291,711801
4882,14966,119153
4883,4506,418249
4884,12422,73956
4885,19680,598132
4886,18677,304762
4887,15749,285553
4888,4193,313157
4889,35060,2747279
4890,15701,428855
4891,1553,536349
4892,10157,961343
4893,16222,546320
4894,33999,2290887
4895,4773,356659
4896,29731,117775
4897,9871,568126
4898,15751,786256
4899,11406,602048
4900,13715,550448
4901,1778,387055
4902,13339,614313
4903,10919,1013650
4904,13926,858153
4905,1610,46053
4906,925,991135
4907,16344,923949
4908,8110,418856
4909,4514,490348
4910,4232,952257
4911,13551,354851
4912,17375,571957
4913,5580,494168
4914,3103,169354
4915,3237,460556
4916,13249,259956
4917,5306,598048
4918,414,958558
4919,15784,671053
4920,18165,265452
4921,17650,424156
4922,13584,358756
4923,15774,389059
4924,1941,984856
4925,16636,65205
4926,16339,657954
4927,13832,894834
4928,7789,906410
4929,13802,381026
4930,9420,852254
4931,8800,144436
4932,12969,780218
4933,14597,86349
4934,15326,289225
4935,1869,227151
4936,18610,736550
4937,32606,1229198
4938,13748,313009
4939,14345,420653
4940,15038,1005552
4941,58615,3603961
4942,26336,173575
4943,10439,487843
4944,6636,754826
4945,5569,548267
4946,17982,490955
4947,1908,190956
4948,17193,199137
4949,23623,816603
4950,8397,324229
4951,18071,437044
4952,58652,3716320
4953,21121,988153
4954,31539,87476
4955,12136,501655
4956,1978,680457
4957,5595,311265
4958,58536,936583
4959,58716,3630323
4960,30012,915878
4961,18258,120609
4962,34068,2344753
4963,21557,610557
4964,34799,2745529
4965,14513,698649
4966,34775,2735146
4967,23647,529958
4968,28453,294779
4969,57857,3271986
4970,15158,962256
4971,29294,27070
4972,9410,910118
4973,33802,885579
4974,3225,328357
4975,17302,334648
4976,938,598646
4977,34023,2305969
4978,33470,1879016
4979,57522,3166699
4980,30516,465672
4981,10849,609832
4982,609,433608
4983,58687,3645840
4984,6139,746429
4985,15009,63751
4986,20100,989730
4987,1434,738255
4988,13071,487357
4989,57312,3067929
4990,15703,692946
4991,10460,349343
4992,18487,590248
4993,34717,2693264
4994,58214,3459216
4995,22621,180537
4996,35095,2797724
4997,57542,3287660
4998,4556,1007051
4999,47,390336
5000,58057,3344321
5001,2711,786210
5002,57554,3194692
5003,57092,2963864
5004,23806,615954
5005,35050,2835756
5006,11178,908861
5007,34781,2736219
5008,14812,552545
5009,18922,242444
5010,21943,100562
5011,10641,388557
5012,977,695349
5013,210,914545
5014,11465,835659
5015,16511,515054
5016,12417,404943
5017,58121,3374382
5018,24677,283652
5019,18109,196752
5020,58206,3424483
5021,57543,3185896
5022,35417,2871099
5023,58457,3475083
5024,58227,3395293
5025,1906,803256
5026,5598,134437
5027,25267,862141
5028,21883,274829
5029,14662,338646
5030,31945,677176
5031,4988,342634
5032,28515,539872
5033,57825,3290240
5034,17208,186548
5035,29059,767572
5036,58586,3626184
5037,32908,1418255
5038,35261,2905761
5039,22993,427960
5040,35426,2888789
5041,34468,335355
5042,58013,3320781
5043,57369,3146150
5044,6548,504713
5045,1693,423636
5046,57565,3212149
5047,1167,85052
5048,15970,301800
5049,8867,225157
5050,8273,936855
5051,17266,143662
5052,7631,249416
5053,58407,3487947
5054,90290,709602
5055,10608,975153
5056,9463,584724
5057,14158,333203
5058,6088,235231
5059,34934,2744782
5060,14722,390840
5061,34589,693224
5062,9179,80431
5063,1753,22048
5064,15177,68840
5065,13421,450856
5066,22242,689759
5067,13580,506052
5068,16620,667029
5069,29967,725376
5070,12013,373601
5071,27767,656779
5072,5325,68448
5073,3661,963730
5074,29933,677970
5075,29121,817477
5076,32296,911973
5077,18190,443205
5078,15098,866251
5079,16788,206950
5080,5602,467733
5081,8499,746942
5082,15908,865759
5083,14982,148340
5084,9764,150156
5085,20776,968557
5086,13195,855956
5087,14560,903754
5088,19396,676151
5089,58,994435
5090,22858,365325
5091,172,37435
5092,32025,539377
5093,18203,633501
5094,17477,990352
5095,57391,3103591
5096,14247,116741
5097,57119,2942823
5098,958,738040
5099,11807,150044
5100,33568,1945247
5101,14334,562058
5102,22180,930358
5103,57716,3281510
5104,15249,336147
5105,57867,3306598
5106,19143,90337
5107,8544,847157
5108,19459,439338
5109,13656,884648
5110,16889,1017939
5111,10249,680055
5112,57301,3070545
5113,303,425818
5114,8821,328656
5115,29566,391575
5116,32441,809276
5117,10567,842853
5118,21083,544335
5119,35427,2914727
5120,23373,70218
5121,23805,609467
5122,10958,712059
5123,58359,3387140
5124,29170,644776
5125,28836,459372
5126,1427,630340
5127,27132,1162017
5128,9309,110945
5129,15465,327435
5130,10208,343257
5131,12214,659556
5132,26626,726953
5133,35393,2949970
5134,15478,922559
5135,57120,3076284
5136,33503,1890525
5137,8714,443353
5138,26351,853251
5139,30722,208570
5140,14587,137652
5141,7759,354310
5142,1090,236957
5143,58310,3470154
5144,32188,619877
5145,34351,2502656
5146,58541,3620922
5147,22514,256179
5148,24919,590220
5149,27518,1401891
5150,251,943143
5151,22600,481159
5152,1980,473257
5153,57933,3370357
5154,24966,624956
5155,28555,320070
5156,9947,300157
5157,9396,229801
5158,11409,1008955
5159,58828,3885123
5160,26021,595337
5161,57841,3267738
5162,9467,129358
5163,19700,964157
5164,29495,380878
5165,9733,58355
5166,58375,3488869
5167,3405,26765
5168,23737,347956
5169,58658,3626858
5170,3250,56351
5171,9747,804150
5172,57665,3221468
5173,17841,754536
5174,11667,666844
5175,10214,208057
5176,16585,187648
5177,28703,402873
5178,58025,3322468
5179,12859,616849
5180,57277,3153345
5181,34565,2631323
5182,29772,126375
5183,32082,484776
5184,9273,474245
5185,35111,2760232
5186,33761,2010722
5187,34011,2298995
5188,58533,3613559
5189,17927,45458
5190,16414,723822
5191,11200,34425
5192,22331,105222
5193,34755,2708122
5194,58824,3688623
5195,4029,241157
5196,58063,3357077
5197,58000,3312124
5198,57892,3270046
5199,11763,269049
5200,7748,678717
5201,1210,645465
5202,31694,170275
5203,22451,774132
5204,30618,322476
5205,13430,210256
5206,1163,662350
5207,27704,900379
5208,26516,330873
5209,12716,495044
5210,15987,341310
5211,8700,131940
5212,16432,617341
5213,20845,283867
5214,28870,7072
5215,26487,63573
5216,14260,536853
5217,81,748441
5218,11674,837448
5219,28217,875879
5220,57167,3102893
5221,12241,1000052
5222,28088,656377
5223,29520,282075
5224,90229,654300
5225,29227,790271
5226,29281,231671
5227,214,433943
5228,9326,311939
5229,16667,480246
5230,1281,58971
5231,22430,1856
5232,2308,184759
5233,58433,3588424
5234,10878,604640
5235,59148,5313312
5236,28513,310978
5237,15990,298218
5238,23298,886204
5239,8021,200435
5240,16160,290249
5241,1857,436542
5242,10384,780955
5243,27254,1191352
5244,1862,621245
5245,698,59316
5246,1849,451246
5247,9168,511832
5248,29847,985479
5249,5394,244158
5250,28989,935577
5251,34404,2576134
5252,18221,761806
5253,90297,765505
5254,9472,416656
5255,11417,215653
5256,26605,278078
5257,1219,371362
5258,14025,646556
5259,5146,2362458
5260,25890,167565
5261,3511,451965
5262,27389,1225761
5263,14136,303701
5264,17401,423841
5265,803,645625
5266,16175,501132
5267,15614,139740
5268,10853,920733
5269,21526,280138
5270,28807,577472
5271,19850,207050
5272,9105,137643
5273,22308,715340
5274,5369,967952
5275,15489,317258
5276,31329,966973
5277,12166,79042
5278,34162,2371816
5279,14929,832546
5280,18509,375034
5281,22957,237066
5282,16866,406666
5283,15466,167864
5284,28151,857576
5285,2452,22730
5286,58426,3480069
5287,27760,842376
5288,3430,697763
5289,28400,524971
5290,57512,3138146
5291,22525,156952
5292,1720,199463
5293,2249,723653
5294,22059,640554
5295,341,445852
5296,16720,709554
5297,18389,169756
5298,492,128258
5299,35492,2883971
5300,5131,127055
5301,4778,199351
5302,5110,278751
5303,1983,248352
5304,9123,233554
5305,58395,3445460
5306,90300,892205
5307,57077,2986407
5308,30551,188177
5309,58347,3462458
5310,18518,972143
5311,32941,1447639
5312,34697,2700984
5313,22939,129479
5314,33803,2044811
5315,16228,989534
5316,32912,1445943
5317,8519,359744
5318,16453,732637
5319,17126,424633
5320,10074,102333
5321,57513,3187395
5322,57033,2954497
5323,27799,664176
5324,14744,918132
5325,12388,365848
5326,17838,437914
5327,34069,2265456
5328,17040,899343
5329,26962,159636
5330,27238,268976
5331,90308,899008
5332,29632,92676
5333,29313,50872
5334,10533,628552
5335,28213,822275
5336,59105,5143788
5337,33935,2239288
5338,13023,463342
5339,33880,2164111
5340,5280,220059
5341,34240,2505424
5342,1060,671558
5343,10011,93244
5344,23220,412751
5345,8863,788652
5346,33136,1479470
5347,1417,980951
5348,29238,661474
5349,5873,406022
5350,32292,97279
5351,18031,477303
5352,5335,833749
5353,24920,384018
5354,29426,258874
5355,57414,3150205
5356,22447,541754
5357,26576,948278
5358,7274,858818
5359,8718,64150
5360,35220,2806840
5361,28116,809771
5362,35407,2806635
5363,4235,953852
5364,16079,731050
5365,57377,3145797
5366,24342,522856
5367,27010,67254
5368,18454,218261
5369,15105,969956
5370,2270,276579
